sample,cell type
leiomyoblastoma cell line:G-402.CNhs11848.10721-110A1, gastrointestinal stromal tumor cell line
epidermoid carcinoma cell line:A431.CNhs10743.10426-106D3, squamous cell carcinoma cell line
epidermoid carcinoma cell line:Ca Ski.CNhs10748.10431-106D8, squamous cell carcinoma cell line
"CD19+ B Cells (pluriselect), donor090309, donation2.CNhs12179.12194-129B7",B cell
"CD19+ B Cells (pluriselect), donor090309, donation3.CNhs12181.12199-129C3",B cell
"CD19+ B Cells (pluriselect), donor090325, donation1.CNhs12531.12151-128F9",B cell
"CD19+ B Cells (pluriselect), donor090325, donation2.CNhs12175.12174-128I5",B cell
"CD19+ B Cells (pluriselect), donor090612, donation1.CNhs12183.12204-129C8",B cell
"CD19+ B Cells (pluriselect), donor090612, donation2.CNhs12185.12209-129D4",B cell
"CD19+ B Cells (pluriselect), donor090612, donation3.CNhs12188.12214-129D9",B cell
"CD19+ B Cells, donor1.CNhs12343.11544-120B5",B cell
"CD19+ B Cells, donor2.CNhs12352.11624-122B4",B cell
"CD19+ B Cells, donor3.CNhs12354.11705-123B4",B cell
b cell line:RPMI1788.CNhs10744.10427-106D4,B cell line
"B lymphoblastoid cell line: GM12878 ENCODE, biol_rep1.CNhs12331.10821-111C2",B lymphoblastoid cell line
"B lymphoblastoid cell line: GM12878 ENCODE, biol_rep2.CNhs12332.10822-111C3",B lymphoblastoid cell line
"B lymphoblastoid cell line: GM12878 ENCODE, biol_rep3.CNhs12333.10823-111C4",B lymphoblastoid cell line
splenic lymphoma with villous lymphocytes cell line:SLVL.CNhs10741.10424-106D1,B-cell lymphom cell line
"lymphoma, malignant, hairy B-cell cell line:MLMA.CNhs11935.10775-110G1",B-cell lymphoma cell line
Burkitt's lymphoma cell line:DAUDI.CNhs10739.10422-106C8,Burkitt's lymphoma cell line
Burkitt's lymphoma cell line:RAJI.CNhs11268.10476-106I8,Burkitt's lymphoma cell line
"CD4+ T Cells, donor1.CNhs10853.11225-116C1",CD4+ T cell
"CD4+ T Cells, donor2.CNhs11955.11306-117C1",CD4+ T cell
"CD4+ T Cells, donor3.CNhs11998.11382-118B5",CD4+ T cell
"CD4+CD25+CD45RA+ naive regulatory T cells expanded, donor1.CNhs13203.11793-124C2",CD4+ T cell
"CD4+CD25+CD45RA+ naive regulatory T cells expanded, donor2.CNhs13918.11915-125G7",CD4+ T cell
"CD4+CD25+CD45RA+ naive regulatory T cells expanded, donor3.CNhs13919.11919-125H2",CD4+ T cell
"CD4+CD25+CD45RA+ naive regulatory T cells, donor1.CNhs13238.11780-124A7",CD4+ T cell
"CD4+CD25+CD45RA+ naive regulatory T cells, donor2.CNhs13235.11796-124C5",CD4+ T cell
"CD4+CD25+CD45RA- memory regulatory T cells expanded, donor1.CNhs13204.11794-124C3",CD4+ T cell
"CD4+CD25+CD45RA- memory regulatory T cells expanded, donor2.CNhs13811.11916-125G8",CD4+ T cell
"CD4+CD25+CD45RA- memory regulatory T cells expanded, donor3.CNhs13812.11920-125H3",CD4+ T cell
"CD4+CD25+CD45RA- memory regulatory T cells, donor1.CNhs13195.11782-124A9",CD4+ T cell
"CD4+CD25+CD45RA- memory regulatory T cells, donor2.CNhs13206.11797-124C6",CD4+ T cell
"CD4+CD25+CD45RA- memory regulatory T cells, donor3.CNhs13538.11908-125F9",CD4+ T cell
"CD4+CD25-CD45RA+ naive conventional T cells expanded, donor1.CNhs13202.11791-124B9",CD4+ T cell
"CD4+CD25-CD45RA+ naive conventional T cells expanded, donor2.CNhs13813.11913-125G5",CD4+ T cell
"CD4+CD25-CD45RA+ naive conventional T cells expanded, donor3.CNhs13814.11917-125G9",CD4+ T cell
"CD4+CD25-CD45RA+ naive conventional T cells, donor1.CNhs13223.11784-124B2",CD4+ T cell
"CD4+CD25-CD45RA+ naive conventional T cells, donor2.CNhs13205.11795-124C4",CD4+ T cell
"CD4+CD25-CD45RA+ naive conventional T cells, donor3.CNhs13512.11906-125F7",CD4+ T cell
"CD4+CD25-CD45RA- memory conventional T cells expanded, donor1.CNhs13215.11792-124C1",CD4+ T cell
"CD4+CD25-CD45RA- memory conventional T cells expanded, donor2.CNhs13920.11914-125G6",CD4+ T cell
"CD4+CD25-CD45RA- memory conventional T cells expanded, donor3.CNhs13921.11918-125H1",CD4+ T cell
"CD4+CD25-CD45RA- memory conventional T cells, donor1.CNhs13239.11786-124B4",CD4+ T cell
"CD4+CD25-CD45RA- memory conventional T cells, donor2.CNhs13237.11798-124C7",CD4+ T cell
"CD4+CD25-CD45RA- memory conventional T cells, donor3.CNhs13539.11909-125G1",CD4+ T cell
"CD8+ T Cells (pluriselect), donor090309, donation1.CNhs12176.12186-129A8",CD8+ T cell
"CD8+ T Cells (pluriselect), donor090309, donation2.CNhs12178.12191-129B4",CD8+ T cell
"CD8+ T Cells (pluriselect), donor090309, donation3.CNhs12180.12196-129B9",CD8+ T cell
"CD8+ T Cells (pluriselect), donor090325, donation1.CNhs12201.12148-128F6",CD8+ T cell
"CD8+ T Cells (pluriselect), donor090325, donation2.CNhs12199.12171-128I2",CD8+ T cell
"CD8+ T Cells (pluriselect), donor090612, donation1.CNhs12182.12201-129C5",CD8+ T cell
"CD8+ T Cells (pluriselect), donor090612, donation2.CNhs12184.12206-129D1",CD8+ T cell
"CD8+ T Cells (pluriselect), donor090612, donation3.CNhs12187.12211-129D6",CD8+ T cell
"CD8+ T Cells, donor1.CNhs10854.11226-116C2",CD8+ T cell
"CD8+ T Cells, donor2.CNhs11956.11307-117C2",CD8+ T cell
"CD8+ T Cells, donor3.CNhs11999.11383-118B6",CD8+ T cell
Ewing's sarcoma cell line:Hs 863.T.CNhs11836.10705-109H3,Ewing's sarcoma cell line
Hodgkin's lymphoma cell line:HD-Mar2.CNhs11715.10435-106E3,Hodgkin's lymphoma cell line
chronic lymphocytic leukemia (T-CLL) cell line:SKW-3.CNhs11714.10416-106C2,T cell chronic lymphocytic leukemia (CLL) cell line
Wilms' tumor cell line:G-401.CNhs11892.10809-111A8,Wilms' tumor cell line
Wilms' tumor cell line:HFWT.CNhs11728.10597-108E3,Wilms' tumor cell line
acantholytic squamous carcinoma cell line:HCC1806.CNhs11844.10717-109I6,acantholytic squamous carcinoma cell line
"salivary acinar cells, donor1.CNhs12810.11771-123I7",acinar cell of salivary gland
"salivary acinar cells, donor2.CNhs12811.11772-123I8",acinar cell of salivary gland
"salivary acinar cells, donor3.CNhs12812.11773-123I9",acinar cell of salivary gland
"Sebocyte, donor1.CNhs10847.11220-116B5",acinar cell of sebaceous gland
"Sebocyte, donor2.CNhs11951.11301-117B5",acinar cell of sebaceous gland
acute lymphoblastic leukemia (B-ALL) cell line:BALL-1.CNhs11251.10455-106G5,acute lymphoblastic leukemia (B-ALL) cell line
acute lymphoblastic leukemia (B-ALL) cell line:NALM-6.CNhs11282.10534-107G3,acute lymphoblastic leukemia (B-ALL) cell line
acute lymphoblastic leukemia (T-ALL) cell line:HPB-ALL.CNhs10746.10429-106D6,acute lymphoblastic leukemia (T-ALL) cell line
acute lymphoblastic leukemia (T-ALL) cell line:Jurkat.CNhs11253.10464-106H5,acute lymphoblastic leukemia (T-ALL) cell line
acute myeloid leukemia (FAB M0) cell line:KG-1.CNhs13053.10827-111C8,acute myeloid leukemia (AML) cell line
acute myeloid leukemia (FAB M0) cell line:Kasumi-3.CNhs13241.10789-110H6,acute myeloid leukemia (AML) cell line
acute myeloid leukemia (FAB M1) cell line:HYT-1.CNhs13054.10828-111C9,acute myeloid leukemia (AML) cell line
acute myeloid leukemia (FAB M2) cell line:Kasumi-1.CNhs13502.10788-110H5,acute myeloid leukemia (AML) cell line
acute myeloid leukemia (FAB M2) cell line:Kasumi-6.CNhs13052.10792-110H9,acute myeloid leukemia (AML) cell line
acute myeloid leukemia (FAB M2) cell line:NKM-1.CNhs11864.10765-110E9,acute myeloid leukemia (AML) cell line
acute myeloid leukemia (FAB M3) cell line:HL60.CNhs13055.10829-111D1,acute myeloid leukemia (AML) cell line
acute myeloid leukemia (FAB M4) cell line:HNT-34.CNhs13504.10831-111D3,acute myeloid leukemia (AML) cell line
acute myeloid leukemia (FAB M4eo) cell line:EoL-1.CNhs13056.10832-111D4,acute myeloid leukemia (AML) cell line
acute myeloid leukemia (FAB M4eo) cell line:EoL-3.CNhs13057.10833-111D5,acute myeloid leukemia (AML) cell line
acute myeloid leukemia (FAB M5) cell line:NOMO-1.CNhs13050.10764-110E8,acute myeloid leukemia (AML) cell line
acute myeloid leukemia (FAB M5) cell line:P31/FUJ.CNhs13051.10770-110F5,acute myeloid leukemia (AML) cell line
acute myeloid leukemia (FAB M5) cell line:THP-1 (fresh).CNhs10722.10399-106A3,acute myeloid leukemia (AML) cell line
acute myeloid leukemia (FAB M5) cell line:THP-1 (revived).CNhs10723.10400-106A4,acute myeloid leukemia (AML) cell line
acute myeloid leukemia (FAB M5) cell line:THP-1 (thawed).CNhs10724.10405-106A9,acute myeloid leukemia (AML) cell line
acute myeloid leukemia (FAB M5) cell line:U-937 DE-4.CNhs13058.10834-111D6,acute myeloid leukemia (AML) cell line
acute myeloid leukemia (FAB M6) cell line:EEB.CNhs13059.10835-111D7,acute myeloid leukemia (AML) cell line
acute myeloid leukemia (FAB M6) cell line:F-36P.CNhs13505.10837-111D9,acute myeloid leukemia (AML) cell line
acute myeloid leukemia (FAB M7) cell line:M-MOK.CNhs13049.10699-109G6,acute myeloid leukemia (AML) cell line
myelodysplastic syndrome cell line:SKM-1.CNhs11934.10772-110F7,acute myeloid leukemia (AML) cell line
adenocarcinoma cell line:IM95m.CNhs11882.10796-110I4,adenocarcinoma cell line
"epitheloid carcinoma cell line: HelaS3 ENCODE, biol_rep1.CNhs12325.10815-111B5",adenocarcinoma cell line
"epitheloid carcinoma cell line: HelaS3 ENCODE, biol_rep2.CNhs12326.10816-111B6",adenocarcinoma cell line
"epitheloid carcinoma cell line: HelaS3 ENCODE, biol_rep3.CNhs12327.10817-111B7",adenocarcinoma cell line
"Adipocyte - breast, donor1.CNhs11051.11376-118A8",adipocyte
"Adipocyte - breast, donor2.CNhs11969.11327-117E4",adipocyte
"Adipocyte - omental, donor1.CNhs11054.11473-119C6",adipocyte
"Adipocyte - omental, donor2.CNhs12067.11474-119C7",adipocyte
"Adipocyte - omental, donor3.CNhs12068.11475-119C8",adipocyte
"Adipocyte - perirenal, donor1.CNhs12069.11476-119C9",adipocyte
"Adipocyte - subcutaneous, donor2.CNhs11371.11336-117F4",adipocyte
"Adipocyte - subcutaneous, donor3.CNhs12017.11408-118E4",adipocyte
"Adipocyte differentiation, day04, donor1.CNhs12516.13019-139D4",adipocyte
"Adipocyte differentiation, day04, donor2.CNhs13410.13022-139D7",adipocyte
"Adipocyte differentiation, day04, donor3.CNhs13413.13025-139E1",adipocyte
"Adipocyte differentiation, day04, donor4.CNhs13417.13028-139E4",adipocyte
"Adipocyte differentiation, day08, donor1.CNhs12517.13020-139D5",adipocyte
"Adipocyte differentiation, day08, donor2.CNhs13411.13023-139D8",adipocyte
"Adipocyte differentiation, day08, donor3.CNhs13415.13026-139E2",adipocyte
"Adipocyte differentiation, day08, donor4.CNhs13418.13029-139E5",adipocyte
"Adipocyte differentiation, day12, donor1.CNhs13336.13021-139D6",adipocyte
"Adipocyte differentiation, day12, donor2.CNhs13412.13024-139D9",adipocyte
"Adipocyte differentiation, day12, donor3.CNhs13416.13027-139E3",adipocyte
"Adipocyte differentiation, day12, donor4.CNhs13419.13030-139E6",adipocyte
"mature adipocyte, donor1.CNhs12558.12231-129F8",adipocyte
"mature adipocyte, donor2.CNhs12559.12232-129F9",adipocyte
"mature adipocyte, donor3.CNhs12560.12233-129G1",adipocyte
"mature adipocyte, donor4.CNhs12562.12234-129G2",adipocyte
adrenal cortex adenocarcinoma cell line:SW-13.CNhs11893.10810-111A9,adrenal cortex adenocarcinoma cell line
adult T-cell leukemia cell line:ATN-1.CNhs10738.10421-106C7,adult T-cell leukemia cell line
alveolar cell carcinoma cell line:SW 1573.CNhs11838.10708-109H6,alveolar cell carcinoma cell line
"Alveolar Epithelial Cells, donor1.CNhs11325.11510-119G7",alveolar epithelial cell
"Alveolar Epithelial Cells, donor2.CNhs12084.11590-120G6",alveolar epithelial cell
"Mesenchymal Stem Cells - amniotic membrane, donor1.CNhs11349.11547-120B8",amnion mesenchymal stem cell
"Mesenchymal Stem Cells - amniotic membrane, donor2.CNhs12104.11627-122B7",amnion mesenchymal stem cell
"Amniotic Epithelial Cells, donor1.CNhs11341.11533-120A3",amniotic epithelial cell
"Amniotic Epithelial Cells, donor3.CNhs12125.11694-123A2",amniotic epithelial cell
"amniotic membrane cells, donor1.CNhs12502.12235-129G3",amniotic membrane cell
"amniotic membrane cells, donor2.CNhs12503.12236-129G4",amniotic membrane cell
"amniotic membrane cells, donor3.CNhs12379.12237-129G5",amniotic membrane cell
papillotubular adenocarcinoma cell line:TGBC18TKB.CNhs10734.10417-106C3,ampulla of Vater adenocarcinoma cell line
anaplastic carcinoma cell line:8305C.CNhs10745.10428-106D5,anaplastic carcinoma cell line
papillary adenocarcinoma cell line:8505C.CNhs11716.10437-106E5,anaplastic carcinoma cell line
thyroid carcinoma cell line:KHM-5M.CNhs14140.10776-110G2,anaplastic carcinoma cell line
anaplastic squamous cell carcinoma cell line:RPMI 2650.CNhs11889.10805-111A4,anaplastic squamous cell carcinoma cell line
"Anulus Pulposus Cell, donor1.CNhs10876.11248-116E6",anulus pulposus cell
"Anulus Pulposus Cell, donor2.CNhs12064.11463-119B5",anulus pulposus cell
"Endothelial Cells - Aortic, donor0.CNhs10837.11207-116A1",aortic endothelial cell
"Endothelial Cells - Aortic, donor1.CNhs12495.11263-116G3",aortic endothelial cell
"Endothelial Cells - Aortic, donor2.CNhs11375.11340-117F8",aortic endothelial cell
"Endothelial Cells - Aortic, donor3.CNhs12022.11412-118E8",aortic endothelial cell
"Aortic smooth muscle cell response to FGF2, 00hr00min, biol_rep1 (LK1).CNhs13339.12642-134G5",aortic smooth muscle cell
"Aortic smooth muscle cell response to FGF2, 00hr00min, biol_rep2 (LK2).CNhs13358.12740-135I4",aortic smooth muscle cell
"Aortic smooth muscle cell response to FGF2, 00hr00min, biol_rep3 (LK3).CNhs13567.12838-137B3",aortic smooth muscle cell
"Aortic smooth muscle cell response to FGF2, 00hr15min, biol_rep1 (LK4).CNhs13340.12643-134G6",aortic smooth muscle cell
"Aortic smooth muscle cell response to FGF2, 00hr15min, biol_rep2 (LK5).CNhs13359.12741-135I5",aortic smooth muscle cell
"Aortic smooth muscle cell response to FGF2, 00hr15min, biol_rep3 (LK6).CNhs13568.12839-137B4",aortic smooth muscle cell
"Aortic smooth muscle cell response to FGF2, 00hr30min, biol_rep1 (LK7).CNhs13341.12644-134G7",aortic smooth muscle cell
"Aortic smooth muscle cell response to FGF2, 00hr30min, biol_rep2 (LK8).CNhs13360.12742-135I6",aortic smooth muscle cell
"Aortic smooth muscle cell response to FGF2, 00hr30min, biol_rep3 (LK9).CNhs13569.12840-137B5",aortic smooth muscle cell
"Aortic smooth muscle cell response to FGF2, 00hr45min, biol_rep1 (LK10).CNhs13343.12645-134G8",aortic smooth muscle cell
"Aortic smooth muscle cell response to FGF2, 00hr45min, biol_rep2 (LK11).CNhs13361.12743-135I7",aortic smooth muscle cell
"Aortic smooth muscle cell response to FGF2, 00hr45min, biol_rep3 (LK12).CNhs13571.12841-137B6",aortic smooth muscle cell
"Aortic smooth muscle cell response to FGF2, 01hr, biol_rep1 (LK13).CNhs12741.12646-134G9",aortic smooth muscle cell
"Aortic smooth muscle cell response to FGF2, 01hr, biol_rep2 (LK14).CNhs13362.12744-135I8",aortic smooth muscle cell
"Aortic smooth muscle cell response to FGF2, 01hr, biol_rep3 (LK15).CNhs13683.12842-137B7",aortic smooth muscle cell
"Aortic smooth muscle cell response to FGF2, 02hr, biol_rep1 (LK16).CNhs13344.12647-134H1",aortic smooth muscle cell
"Aortic smooth muscle cell response to FGF2, 02hr, biol_rep2 (LK17).CNhs13363.12745-135I9",aortic smooth muscle cell
"Aortic smooth muscle cell response to FGF2, 02hr, biol_rep3 (LK18).CNhs13572.12843-137B8",aortic smooth muscle cell
"Aortic smooth muscle cell response to FGF2, 03hr, biol_rep1 (LK19).CNhs13345.12648-134H2",aortic smooth muscle cell
"Aortic smooth muscle cell response to FGF2, 03hr, biol_rep2 (LK20).CNhs13364.12746-136A1",aortic smooth muscle cell
"Aortic smooth muscle cell response to FGF2, 03hr, biol_rep3 (LK21).CNhs13573.12844-137B9",aortic smooth muscle cell
"Aortic smooth muscle cell response to FGF2, 04hr, biol_rep2 (LK23).CNhs13365.12747-136A2",aortic smooth muscle cell
"Aortic smooth muscle cell response to FGF2, 05hr, biol_rep1 (LK25).CNhs13347.12650-134H4",aortic smooth muscle cell
"Aortic smooth muscle cell response to FGF2, 05hr, biol_rep2 (LK26).CNhs13367.12748-136A3",aortic smooth muscle cell
"Aortic smooth muscle cell response to FGF2, 05hr, biol_rep3 (LK27).CNhs13575.12846-137C2",aortic smooth muscle cell
"Aortic smooth muscle cell response to FGF2, 06hr, biol_rep1 (LK28).CNhs13348.12651-134H5",aortic smooth muscle cell
"Aortic smooth muscle cell response to FGF2, 06hr, biol_rep2 (LK29).CNhs13368.12749-136A4",aortic smooth muscle cell
"Aortic smooth muscle cell response to FGF2, 06hr, biol_rep3 (LK30).CNhs13576.12847-137C3",aortic smooth muscle cell
"Aortic smooth muscle cell response to IL1b, 00hr00min, biol_rep1 (LK31).CNhs13349.12652-134H6",aortic smooth muscle cell
"Aortic smooth muscle cell response to IL1b, 00hr00min, biol_rep2 (LK32).CNhs13369.12750-136A5",aortic smooth muscle cell
"Aortic smooth muscle cell response to IL1b, 00hr00min, biol_rep3 (LK33).CNhs13577.12848-137C4",aortic smooth muscle cell
"Aortic smooth muscle cell response to IL1b, 00hr15min, biol_rep1 (LK34).CNhs13350.12653-134H7",aortic smooth muscle cell
"Aortic smooth muscle cell response to IL1b, 00hr15min, biol_rep2 (LK35).CNhs13370.12751-136A6",aortic smooth muscle cell
"Aortic smooth muscle cell response to IL1b, 00hr15min, biol_rep3 (LK36).CNhs13578.12849-137C5",aortic smooth muscle cell
"Aortic smooth muscle cell response to IL1b, 00hr30min, biol_rep1 (LK37).CNhs13351.12654-134H8",aortic smooth muscle cell
"Aortic smooth muscle cell response to IL1b, 00hr30min, biol_rep2 (LK38).CNhs13371.12752-136A7",aortic smooth muscle cell
"Aortic smooth muscle cell response to IL1b, 00hr30min, biol_rep3 (LK39).CNhs13579.12850-137C6",aortic smooth muscle cell
"Aortic smooth muscle cell response to IL1b, 00hr45min, biol_rep1 (LK40).CNhs13352.12655-134H9",aortic smooth muscle cell
"Aortic smooth muscle cell response to IL1b, 00hr45min, biol_rep2 (LK41).CNhs13372.12753-136A8",aortic smooth muscle cell
"Aortic smooth muscle cell response to IL1b, 00hr45min, biol_rep3 (LK42).CNhs13580.12851-137C7",aortic smooth muscle cell
"Aortic smooth muscle cell response to IL1b, 01hr, biol_rep1 (LK43).CNhs13353.12656-134I1",aortic smooth muscle cell
"Aortic smooth muscle cell response to IL1b, 01hr, biol_rep2 (LK44).CNhs13373.12754-136A9",aortic smooth muscle cell
"Aortic smooth muscle cell response to IL1b, 01hr, biol_rep3 (LK45).CNhs13581.12852-137C8",aortic smooth muscle cell
"Aortic smooth muscle cell response to IL1b, 02hr, biol_rep1 (LK46).CNhs13354.12657-134I2",aortic smooth muscle cell
"Aortic smooth muscle cell response to IL1b, 02hr, biol_rep2 (LK47).CNhs13374.12755-136B1",aortic smooth muscle cell
"Aortic smooth muscle cell response to IL1b, 02hr, biol_rep3 (LK48).CNhs13582.12853-137C9",aortic smooth muscle cell
"Aortic smooth muscle cell response to IL1b, 03hr, biol_rep1 (LK49).CNhs13355.12658-134I3",aortic smooth muscle cell
"Aortic smooth muscle cell response to IL1b, 03hr, biol_rep2 (LK50).CNhs13375.12756-136B2",aortic smooth muscle cell
"Aortic smooth muscle cell response to IL1b, 03hr, biol_rep3 (LK51).CNhs13583.12854-137D1",aortic smooth muscle cell
"Aortic smooth muscle cell response to IL1b, 04hr, biol_rep1 (LK52).CNhs13682.12659-134I4",aortic smooth muscle cell
"Aortic smooth muscle cell response to IL1b, 04hr, biol_rep2 (LK53).CNhs13376.12757-136B3",aortic smooth muscle cell
"Aortic smooth muscle cell response to IL1b, 04hr, biol_rep3 (LK54).CNhs13584.12855-137D2",aortic smooth muscle cell
"Aortic smooth muscle cell response to IL1b, 05hr, biol_rep1 (LK55).CNhs13356.12660-134I5",aortic smooth muscle cell
"Aortic smooth muscle cell response to IL1b, 05hr, biol_rep2 (LK56).CNhs13377.12758-136B4",aortic smooth muscle cell
"Aortic smooth muscle cell response to IL1b, 05hr, biol_rep3 (LK57).CNhs13585.12856-137D3",aortic smooth muscle cell
"Aortic smooth muscle cell response to IL1b, 06hr, biol_rep1 (LK58).CNhs13357.12661-134I6",aortic smooth muscle cell
"Aortic smooth muscle cell response to IL1b, 06hr, biol_rep2 (LK59).CNhs13378.12759-136B5",aortic smooth muscle cell
"Aortic smooth muscle cell response to IL1b, 06hr, biol_rep3 (LK60).CNhs13586.12857-137D4",aortic smooth muscle cell
"Smooth Muscle Cells - Aortic, donor0.CNhs10838.11210-116A4",aortic smooth muscle cell
"Smooth Muscle Cells - Aortic, donor1.CNhs11085.11283-116I5",aortic smooth muscle cell
"Smooth Muscle Cells - Aortic, donor2.CNhs11305.11360-117I1",aortic smooth muscle cell
"Smooth Muscle Cells - Aortic, donor3.CNhs11309.11432-118H1",aortic smooth muscle cell
argyrophil small cell carcinoma cell line:TC-YIK.CNhs11725.10589-108D4,argyrophil small cell carcinoma cell
"Astrocyte - cerebellum, donor1.CNhs11321.11500-119F6",astrocyte of the cerebellum
"Astrocyte - cerebellum, donor2.CNhs12081.11580-120F5",astrocyte of the cerebellum
"Astrocyte - cerebellum, donor3.CNhs12117.11661-122F5",astrocyte of the cerebellum
"Astrocyte - cerebral cortex, donor1.CNhs10864.11235-116D2",astrocyte of the cerebral cortex
"Astrocyte - cerebral cortex, donor2.CNhs11960.11316-117D2",astrocyte of the cerebral cortex
"Astrocyte - cerebral cortex, donor3.CNhs12005.11392-118C6",astrocyte of the cerebral cortex
astrocytoma cell line:TM-31.CNhs10742.10425-106D2,astrocytoma cell line
basal cell carcinoma cell line:TE 354.T.CNhs11932.10702-109G9,basal cell carcinoma cell line
"Basophils, donor1.CNhs12546.12241-129G9",basophil
"Basophils, donor2.CNhs12563.12242-129H1",basophil
"Basophils, donor3.CNhs12575.12243-129H2",basophil
mesothelioma cell line:ACC-MESO-1.CNhs11263.10493-107B7,benign pleural mesothelioma cell line
mesothelioma cell line:ACC-MESO-4.CNhs11264.10494-107B8,benign pleural mesothelioma cell line
mesothelioma cell line:ONE58.CNhs13075.10858-111G3,benign pleural mesothelioma cell line
bile duct carcinoma cell line:HuCCT1.CNhs10750.10432-106D9,bile duct carcinoma cell line
bile duct carcinoma cell line:TFK-1.CNhs11265.10496-107C1,bile duct carcinoma cell line
biphenotypic B myelomonocytic leukemia cell line:MV-4-11.CNhs11845.10718-109I7,biphenotypic B myelomonocytic leukemia cell line
transitional-cell carcinoma cell line:5637.CNhs10735.10418-106C4,bladder carcinoma cell line
transitional-cell carcinoma cell line:JMSU1.CNhs11261.10492-107B6,bladder carcinoma cell line
peripheral neuroectodermal tumor cell line:KU-SN.CNhs11830.10697-109G4,bone Ewing's sarcoma cell line
osteoclastoma cell line:Hs 706.T.CNhs11835.10704-109H2,bone giant cell sarcoma cell line
breast carcinoma cell line:MCF7.CNhs11943.10482-107A5,breast adenocarcinoma cell line
breast carcinoma cell line:MDA-MB-453.CNhs10736.10419-106C5,breast carcinoma cell line
"Bronchial Epithelial Cell, donor4.CNhs12054.11453-119A4",bronchial epithelial cell
"Bronchial Epithelial Cell, donor5.CNhs12058.11457-119A8",bronchial epithelial cell
"Bronchial Epithelial Cell, donor6.CNhs12062.11461-119B3",bronchial epithelial cell
"Smooth Muscle Cells - Bronchial, donor1.CNhs11328.11512-119G9",bronchial smooth muscle cell
"Smooth Muscle Cells - Bronchial, donor2.CNhs12348.11592-120G8",bronchial smooth muscle cell
bronchial squamous cell carcinoma cell line:KNS-62.CNhs11862.10760-110E4,bronchial squamous cell carcinoma cell line
bronchioalveolar carcinoma cell line:NCI-H358.CNhs11840.10709-109H7,bronchioalveolar carcinoma cell line
bronchioalveolar carcinoma cell line:NCI-H650.CNhs14138.10715-109I4,bronchioalveolar carcinoma cell line
bronchogenic carcinoma cell line:ChaGo-K-1.CNhs11841.10710-109H8,bronchogenic carcinoma cell line
carcinoid cell line:NCI-H1770.CNhs11834.10703-109H1,carcinoid cell line
carcinoid cell line:NCI-H727.CNhs14244.10735-110B6,carcinoid cell line
carcinoid cell line:SK-PN-DW.CNhs11846.10719-109I8,carcinoid cell line
"Hep-2 cells mock treated, biol_rep1.CNhs13479.11898-125E8",carcinoma cell line
"Hep-2 cells mock treated, biol_rep2.CNhs13500.11899-125E9",carcinoma cell line
"Hep-2 cells mock treated, biol_rep3.CNhs13501.11900-125F1",carcinoma cell line
"Hep-2 cells treated with Streptococci strain 5448, biol_rep1.CNhs13477.11890-125D9",carcinoma cell line
"Hep-2 cells treated with Streptococci strain 5448, biol_rep2.CNhs13496.11891-125E1",carcinoma cell line
"Hep-2 cells treated with Streptococci strain 5448, biol_rep3.CNhs13497.11892-125E2",carcinoma cell line
"Hep-2 cells treated with Streptococci strain JRS4, biol_rep1.CNhs13478.11894-125E4",carcinoma cell line
"Hep-2 cells treated with Streptococci strain JRS4, biol_rep2.CNhs13498.11895-125E5",carcinoma cell line
"Hep-2 cells treated with Streptococci strain JRS4, biol_rep3.CNhs13499.11896-125E6",carcinoma cell line
carcinosarcoma cell line:JHUCS-1.CNhs11747.10642-109A3,carcinosarcoma cell line
"Fibroblast - Cardiac, donor1.CNhs12498.11268-116G8",cardiac fibroblast
"Fibroblast - Cardiac, donor2.CNhs11378.11345-117G4",cardiac fibroblast
"Fibroblast - Cardiac, donor3.CNhs12027.11417-118F4",cardiac fibroblast
"Fibroblast - Cardiac, donor4.CNhs11909.11452-119A3",cardiac fibroblast
"Fibroblast - Cardiac, donor5.CNhs12057.11456-119A7",cardiac fibroblast
"Fibroblast - Cardiac, donor6.CNhs12061.11460-119B2",cardiac fibroblast
"mesenchymal precursor cell - cardiac, donor1.CNhs12368.11752-123G6",cardiac mesenchymal cell
"mesenchymal precursor cell - cardiac, donor2.CNhs12369.11753-123G7",cardiac mesenchymal cell
"mesenchymal precursor cell - cardiac, donor3.CNhs12370.11754-123G8",cardiac mesenchymal cell
"mesenchymal precursor cell - cardiac, donor4.CNhs12371.11755-123G9",cardiac mesenchymal cell
"Cardiac Myocyte, donor2.CNhs12350.11605-120I3",cardiac myocyte
"Cardiac Myocyte, donor3.CNhs12571.11686-122I3",cardiac myocyte
glassy cell carcinoma cell line:HOKUG.CNhs11824.10688-109F4,cervical adenosquamous carcinoma cell line
cervical cancer cell line:D98-AH2.CNhs11288.10552-107I3,cervical cancer cell line
cervical cancer cell line:ME-180.CNhs11289.10553-107I4,cervical cancer cell line
large cell non-keratinizing squamous carcinoma cell line:SKG-II-SF.CNhs11825.10692-109F8,cervical non-keratinizing squamous cell carcinoma cell line
squamous cell carcinoma cell line:JHUS-nk1.CNhs11749.10646-109A7,cervical squamous cell carcinoma cell line
cholangiocellular carcinoma cell line:HuH-28.CNhs11283.10536-107G5,cholangiocellular carcinoma cell line
"Chondrocyte - de diff, donor1.CNhs11923.11261-116G1",chondrocyte
"Chondrocyte - de diff, donor2.CNhs11372.11338-117F6",chondrocyte
"Chondrocyte - de diff, donor3.CNhs12020.11410-118E6",chondrocyte
"Chondrocyte - re diff, donor2.CNhs11373.11339-117F7",chondrocyte
"Chondrocyte - re diff, donor3.CNhs12021.11411-118E7",chondrocyte
choriocarcinoma cell line:BeWo.CNhs10740.10423-106C9,choriocarcinoma cell line
choriocarcinoma cell line:SCH.CNhs11875.10785-110H2,choriocarcinoma cell line
choriocarcinoma cell line:T3M-3.CNhs11820.10618-108G6,choriocarcinoma cell line
"chorionic membrane cells, donor1.CNhs12504.12238-129G6",chorionic membrane cell
"chorionic membrane cells, donor2.CNhs12506.12239-129G7",chorionic membrane cell
"chorionic membrane cells, donor3.CNhs12380.12240-129G8",chorionic membrane cell
chronic myeloblastic leukemia (CML) cell line:KCL-22.CNhs11886.10801-110I9,chronic myeloblastic leukemia (CML) cell line
chronic myelogenous leukemia (CML) cell line:MEG-A2.CNhs11865.10766-110F1,chronic myelogenous leukemia (CML) cell line
"chronic myelogenous leukemia cell line:K562 ENCODE, biol_rep1.CNhs12334.10824-111C5",chronic myelogenous leukemia (CML) cell line
"chronic myelogenous leukemia cell line:K562 ENCODE, biol_rep2.CNhs12335.10825-111C6",chronic myelogenous leukemia (CML) cell line
"chronic myelogenous leukemia cell line:K562 ENCODE, biol_rep3.CNhs12336.10826-111C7",chronic myelogenous leukemia (CML) cell line
chronic myelogenous leukemia cell line:K562.CNhs11250.10454-106G4,chronic myelogenous leukemia (CML) cell line
chronic myelogenous leukemia cell line:KU812.CNhs10727.10409-106B4,chronic myelogenous leukemia (CML) cell line
"leukemia, chronic megakaryoblastic cell line:MEG-01.CNhs11859.10752-110D5",chronic myeloid leukemia (CML) cell line
"K562 erythroblastic leukemia response to hemin, 00hr00min, biol_rep1.CNhs12458.13079-140B1",chronic myeloid leukemia cell line
clear cell carcinoma cell line:JHOC-5.CNhs11745.10638-108I8,clear cell carcinoma cell line
clear cell carcinoma cell line:TEN.CNhs11930.10636-108I6,clear cell carcinoma cell line
colon carcinoma cell line:CACO-2.CNhs11280.10513-107D9,colon carcinoma cell line
colon carcinoma cell line:COLO-320.CNhs10737.10420-106C6,colon carcinoma cell line
"Corneal Epithelial Cells, donor1.CNhs11336.11526-119I5",corneal epithelial cell
"Corneal Epithelial Cells, donor3.CNhs12123.11687-122I4",corneal epithelial cell
pagetoid sarcoma cell line:Hs 925.T.CNhs11856.10732-110B3,cutaneous Paget's disease cell line
"Melanocyte - dark, donor3.CNhs12570.11663-122F7",dark melanocyte
diffuse large B-cell lymphoma cell line:CTB-1.CNhs11741.10631-108I1,diffuse large B-cell lymphoma cell line
"H1 embryonic stem cells differentiation to CD34+ HSC, day00, biol_rep1.CNhs14067.13523-145F4",embryonic stem cell
"H1 embryonic stem cells differentiation to CD34+ HSC, day00, biol_rep2.CNhs14068.13524-145F5",embryonic stem cell
"H1 embryonic stem cells differentiation to CD34+ HSC, day00, biol_rep3.CNhs13964.13525-145F6",embryonic stem cell
"H9 Embryonic Stem cells, biol_rep1 (H9ES-1).CNhs11917.12626-134E7",embryonic stem cell
"H9 Embryonic Stem cells, biol_rep2 (H9ES-2).CNhs12824.12724-135G6",embryonic stem cell
"H9 Embryonic Stem cells, biol_rep3 (H9ES-3).CNhs12837.12822-136I5",embryonic stem cell
"HES3-GFP Embryonic Stem cells, cardiomyocytic induction, day00, biol_rep1 (UH-1).CNhs13694.13364-143F7",embryonic stem cell
"HES3-GFP Embryonic Stem cells, cardiomyocytic induction, day00, biol_rep2 (UH-2).CNhs13695.13365-143F8",embryonic stem cell
"HES3-GFP Embryonic Stem cells, cardiomyocytic induction, day00, biol_rep3 (UH-3).CNhs13738.13366-143F9",embryonic stem cell
small cell cervical cancer cell line:HCSC-1.CNhs11885.10800-110I8,endocervical adenocarcinoma cell line
endometrial carcinoma cell line:OMC-2.CNhs11266.10497-107C2,endometrial adenocarcinoma cell line
endometrioid adenocarcinoma cell line:JHUEM-1.CNhs11748.10643-109A4,endometrial adenocarcinoma cell line
endometrial stromal sarcoma cell line:OMC-9.CNhs11249.10448-106F7,endometrial stromal sarcoma cell line
"Endothelial Cells - Artery, donor1.CNhs12496.11264-116G4",endothelial cell of artery
"Endothelial Cells - Artery, donor2.CNhs11977.11341-117F9",endothelial cell of artery
"Endothelial Cells - Artery, donor3.CNhs12023.11413-118E9",endothelial cell of artery
"Hepatic Sinusoidal Endothelial Cells, donor1.CNhs12075.11521-119H9",endothelial cell of hepatic sinusoid
"Hepatic Sinusoidal Endothelial Cells, donor2.CNhs12092.11601-120H8",endothelial cell of hepatic sinusoid
"Endothelial Cells - Lymphatic, donor1.CNhs10865.11236-116D3",endothelial cell of lymphatic vessel
"Endothelial Cells - Lymphatic, donor2.CNhs11901.11317-117D3",endothelial cell of lymphatic vessel
"Endothelial Cells - Lymphatic, donor3.CNhs11906.11393-118C7",endothelial cell of lymphatic vessel
"Lymphatic Endothelial cells response to VEGFC, 00hr00min, biol_rep1 (MM XIX - 1).CNhs11936.12260-130A1",endothelial cell of lymphatic vessel
"Lymphatic Endothelial cells response to VEGFC, 00hr00min, biol_rep2 (MM XIV - 1).CNhs13157.12382-131E6",endothelial cell of lymphatic vessel
"Lymphatic Endothelial cells response to VEGFC, 00hr00min, biol_rep3 (MM XXII - 1 ).CNhs13276.12504-133A2",endothelial cell of lymphatic vessel
"Lymphatic Endothelial cells response to VEGFC, 00hr15min, biol_rep1 (MM XIX - 2).CNhs13100.12261-130A2",endothelial cell of lymphatic vessel
"Lymphatic Endothelial cells response to VEGFC, 00hr15min, biol_rep2 (MM XIV - 2).CNhs13158.12383-131E7",endothelial cell of lymphatic vessel
"Lymphatic Endothelial cells response to VEGFC, 00hr15min, biol_rep3 (MM XXII - 2).CNhs13277.12505-133A3",endothelial cell of lymphatic vessel
"Lymphatic Endothelial cells response to VEGFC, 00hr30min, biol_rep1 (MM XIX - 3).CNhs13101.12262-130A3",endothelial cell of lymphatic vessel
"Lymphatic Endothelial cells response to VEGFC, 00hr30min, biol_rep2 (MM XIV - 3).CNhs13159.12384-131E8",endothelial cell of lymphatic vessel
"Lymphatic Endothelial cells response to VEGFC, 00hr30min, biol_rep3 (MM XXII - 3).CNhs13278.12506-133A4",endothelial cell of lymphatic vessel
"Lymphatic Endothelial cells response to VEGFC, 00hr45min, biol_rep1 (MM XIX - 4).CNhs13102.12263-130A4",endothelial cell of lymphatic vessel
"Lymphatic Endothelial cells response to VEGFC, 00hr45min, biol_rep2 (MM XIV - 4).CNhs13160.12385-131E9",endothelial cell of lymphatic vessel
"Lymphatic Endothelial cells response to VEGFC, 00hr45min, biol_rep3 (MM XXII - 4).CNhs13279.12507-133A5",endothelial cell of lymphatic vessel
"Lymphatic Endothelial cells response to VEGFC, 01hr00min, biol_rep1 (MM XIX - 5).CNhs13103.12264-130A5",endothelial cell of lymphatic vessel
"Lymphatic Endothelial cells response to VEGFC, 01hr00min, biol_rep2 (MM XIV - 5).CNhs13161.12386-131F1",endothelial cell of lymphatic vessel
"Lymphatic Endothelial cells response to VEGFC, 01hr00min, biol_rep3 (MM XXII - 5).CNhs13280.12508-133A6",endothelial cell of lymphatic vessel
"Lymphatic Endothelial cells response to VEGFC, 01hr20min, biol_rep1 (MM XIX - 6).CNhs13104.12265-130A6",endothelial cell of lymphatic vessel
"Lymphatic Endothelial cells response to VEGFC, 01hr20min, biol_rep2 (MM XIV - 6).CNhs13162.12387-131F2",endothelial cell of lymphatic vessel
"Lymphatic Endothelial cells response to VEGFC, 01hr20min, biol_rep3 (MM XXII - 6).CNhs13281.12509-133A7",endothelial cell of lymphatic vessel
"Lymphatic Endothelial cells response to VEGFC, 01hr40min, biol_rep1 (MM XIX - 7).CNhs13105.12266-130A7",endothelial cell of lymphatic vessel
"Lymphatic Endothelial cells response to VEGFC, 01hr40min, biol_rep2 (MM XIV - 7).CNhs13163.12388-131F3",endothelial cell of lymphatic vessel
"Lymphatic Endothelial cells response to VEGFC, 01hr40min, biol_rep3 (MM XXII - 7).CNhs13282.12510-133A8",endothelial cell of lymphatic vessel
"Lymphatic Endothelial cells response to VEGFC, 02hr00min, biol_rep1 (MM XIX - 8).CNhs13106.12267-130A8",endothelial cell of lymphatic vessel
"Lymphatic Endothelial cells response to VEGFC, 02hr00min, biol_rep2 (MM XIV - 8).CNhs13164.12389-131F4",endothelial cell of lymphatic vessel
"Lymphatic Endothelial cells response to VEGFC, 02hr00min, biol_rep3 (MM XXII - 8).CNhs13283.12511-133A9",endothelial cell of lymphatic vessel
"Lymphatic Endothelial cells response to VEGFC, 02hr30min, biol_rep1 (MM XIX - 9).CNhs13107.12268-130A9",endothelial cell of lymphatic vessel
"Lymphatic Endothelial cells response to VEGFC, 02hr30min, biol_rep2 (MM XIV - 9).CNhs13165.12390-131F5",endothelial cell of lymphatic vessel
"Lymphatic Endothelial cells response to VEGFC, 02hr30min, biol_rep3 (MM XXII - 9).CNhs13284.12512-133B1",endothelial cell of lymphatic vessel
"Lymphatic Endothelial cells response to VEGFC, 03hr00min, biol_rep1 (MM XIX - 10).CNhs13108.12269-130B1",endothelial cell of lymphatic vessel
"Lymphatic Endothelial cells response to VEGFC, 03hr00min, biol_rep2 (MM XIV - 10).CNhs13166.12391-131F6",endothelial cell of lymphatic vessel
"Lymphatic Endothelial cells response to VEGFC, 03hr00min, biol_rep3 (MM XXII - 10).CNhs13285.12513-133B2",endothelial cell of lymphatic vessel
"Lymphatic Endothelial cells response to VEGFC, 03hr30min, biol_rep1 (MM XIX - 11).CNhs13109.12270-130B2",endothelial cell of lymphatic vessel
"Lymphatic Endothelial cells response to VEGFC, 03hr30min, biol_rep2 (MM XIV - 11).CNhs13168.12392-131F7",endothelial cell of lymphatic vessel
"Lymphatic Endothelial cells response to VEGFC, 03hr30min, biol_rep3 (MM XXII - 11).CNhs13286.12514-133B3",endothelial cell of lymphatic vessel
"Lymphatic Endothelial cells response to VEGFC, 04hr, biol_rep1 (MM XIX - 12).CNhs13110.12271-130B3",endothelial cell of lymphatic vessel
"Lymphatic Endothelial cells response to VEGFC, 04hr, biol_rep2 (MM XIV - 12).CNhs13169.12393-131F8",endothelial cell of lymphatic vessel
"Lymphatic Endothelial cells response to VEGFC, 04hr, biol_rep3 (MM XXII - 12).CNhs13287.12515-133B4",endothelial cell of lymphatic vessel
"Lymphatic Endothelial cells response to VEGFC, 05hr, biol_rep1 (MM XIX - 13).CNhs13111.12272-130B4",endothelial cell of lymphatic vessel
"Lymphatic Endothelial cells response to VEGFC, 05hr, biol_rep2 (MM XIV - 13).CNhs13170.12394-131F9",endothelial cell of lymphatic vessel
"Lymphatic Endothelial cells response to VEGFC, 05hr, biol_rep3 (MM XXII - 13).CNhs13288.12516-133B5",endothelial cell of lymphatic vessel
"Lymphatic Endothelial cells response to VEGFC, 06hr, biol_rep1 (MM XIX - 14).CNhs13112.12273-130B5",endothelial cell of lymphatic vessel
"Lymphatic Endothelial cells response to VEGFC, 06hr, biol_rep2 (MM XIV - 14).CNhs13171.12395-131G1",endothelial cell of lymphatic vessel
"Lymphatic Endothelial cells response to VEGFC, 06hr, biol_rep3 (MM XXII - 14).CNhs13289.12517-133B6",endothelial cell of lymphatic vessel
"Lymphatic Endothelial cells response to VEGFC, 07hr, biol_rep1 (MM XIX - 15).CNhs13113.12274-130B6",endothelial cell of lymphatic vessel
"Lymphatic Endothelial cells response to VEGFC, 07hr, biol_rep2 (MM XIV - 15).CNhs13172.12396-131G2",endothelial cell of lymphatic vessel
"Lymphatic Endothelial cells response to VEGFC, 07hr, biol_rep3 (MM XXII - 15).CNhs13290.12518-133B7",endothelial cell of lymphatic vessel
"Lymphatic Endothelial cells response to VEGFC, 08hr, biol_rep1 (MM XIX - 16).CNhs11937.12275-130B7",endothelial cell of lymphatic vessel
"Lymphatic Endothelial cells response to VEGFC, 08hr, biol_rep2 (MM XIV - 16).CNhs13173.12397-131G3",endothelial cell of lymphatic vessel
"Lymphatic Endothelial cells response to VEGFC, 08hr, biol_rep3 (MM XXII - 16).CNhs13291.12519-133B8",endothelial cell of lymphatic vessel
"Endothelial Cells - Umbilical vein, donor1.CNhs10872.11243-116E1",endothelial cell of umbilical vein
"Endothelial Cells - Umbilical vein, donor2.CNhs11967.11324-117E1",endothelial cell of umbilical vein
"Endothelial Cells - Umbilical vein, donor3.CNhs12010.11400-118D5",endothelial cell of umbilical vein
"Eosinophils, donor2.CNhs12548.12245-129H4",eosinophil
"Eosinophils, donor3.CNhs12549.12246-129H5",eosinophil
"Ciliary Epithelial Cells, donor1.CNhs10871.11242-116D9",epithelial cell
"Ciliary Epithelial Cells, donor2.CNhs11966.11323-117D9",epithelial cell
"Ciliary Epithelial Cells, donor3.CNhs12009.11399-118D4",epithelial cell
"Esophageal Epithelial Cells, donor1.CNhs11323.11507-119G4",epithelial cell of esophagus
"Prostate Epithelial Cells (polarized), donor1.CNhs10882.11253-116F2",epithelial cell of prostate
"Prostate Epithelial Cells, donor2.CNhs11972.11331-117E8",epithelial cell of prostate
"Prostate Epithelial Cells, donor3.CNhs12014.11404-118D9",epithelial cell of prostate
"Renal Proximal Tubular Epithelial Cell, donor1.CNhs11330.11515-119H3",epithelial cell of proximal tubule
"Renal Proximal Tubular Epithelial Cell, donor2.CNhs12087.11595-120H2",epithelial cell of proximal tubule
"Renal Proximal Tubular Epithelial Cell, donor3.CNhs12120.11676-122H2",epithelial cell of proximal tubule
epithelioid sarcoma cell line:HS-ES-1.CNhs11247.10443-106F2,epithelioid sarcoma cell line
epithelioid sarcoma cell line:HS-ES-2R.CNhs14239.10495-107B9,epithelioid sarcoma cell line
squamous cell carcinoma cell line:EC-GI-10.CNhs11252.10463-106H4,esophageal basaloid squamous cell carcinoma cell line
extraskeletal myxoid chondrosarcoma cell line:H-EMC-SS.CNhs10728.10410-106B5,extraskeletal myxoid chondrosarcoma cell line
"Fibroblast - Choroid Plexus, donor1.CNhs11319.11492-119E7",fibroblast of choroid plexus
"Fibroblast - Choroid Plexus, donor2.CNhs12344.11572-120E6",fibroblast of choroid plexus
"Fibroblast - Dermal, donor1.CNhs12499.11269-116G9",fibroblast of dermis
"Fibroblast - Dermal, donor2.CNhs11379.11346-117G5",fibroblast of dermis
"Fibroblast - Dermal, donor3.CNhs12028.11418-118F5",fibroblast of dermis
"Fibroblast - Dermal, donor4.CNhs12052.11450-119A1",fibroblast of dermis
"Fibroblast - Dermal, donor5.CNhs12055.11454-119A5",fibroblast of dermis
"Fibroblast - Dermal, donor6.CNhs12059.11458-119A9",fibroblast of dermis
"Fibroblast - Gingival, donor1.CNhs10866.11237-116D4",fibroblast of gingiva
"Fibroblast - Gingival, donor10 (periodontitis).CNhs14135.11928-125I2",fibroblast of gingiva
"Fibroblast - Gingival, donor2.CNhs11961.11318-117D4",fibroblast of gingiva
"Fibroblast - Gingival, donor3.CNhs12006.11394-118C8",fibroblast of gingiva
"Fibroblast - Gingival, donor4 (GFH2).CNhs10848.11222-116B7",fibroblast of gingiva
"Fibroblast - Gingival, donor5 (GFH3).CNhs11952.11303-117B7",fibroblast of gingiva
"Fibroblast - Gingival, donor6 (aggressive periodontitis).CNhs14128.11921-125H4",fibroblast of gingiva
"Fibroblast - Gingival, donor6 (control).CNhs14129.11922-125H5",fibroblast of gingiva
"Fibroblast - Gingival, donor7 (aggressive periodontitis).CNhs14130.11923-125H6",fibroblast of gingiva
"Fibroblast - Gingival, donor7 (control).CNhs14131.11924-125H7",fibroblast of gingiva
"Fibroblast - Gingival, donor8 (chronic periodontitis).CNhs14132.11925-125H8",fibroblast of gingiva
"Fibroblast - Gingival, donor8 (control).CNhs14133.11926-125H9",fibroblast of gingiva
"Fibroblast - Gingival, donor9 (control).CNhs14134.11927-125I1",fibroblast of gingiva
"Fibroblast - Lymphatic, donor1.CNhs11322.11506-119G3",fibroblast of lymphatic vessel
"Fibroblast - Lymphatic, donor3.CNhs12118.11667-122G2",fibroblast of lymphatic vessel
"Fibroblast - Periodontal Ligament, donor1.CNhs10867.11238-116D5",fibroblast of periodontium
"Fibroblast - Periodontal Ligament, donor2.CNhs11962.11319-117D5",fibroblast of periodontium
"Fibroblast - Periodontal Ligament, donor3.CNhs11907.11395-118C9",fibroblast of periodontium
"Fibroblast - Periodontal Ligament, donor4 (PL29).CNhs12493.11223-116B8",fibroblast of periodontium
"Fibroblast - Periodontal Ligament, donor5 (PL30).CNhs11953.11304-117B8",fibroblast of periodontium
"Fibroblast - Periodontal Ligament, donor6 (PLH3).CNhs11996.11380-118B3",fibroblast of periodontium
"Fibroblast - Pulmonary Artery, donor1.CNhs10878.11250-116E8",fibroblast of pulmonary artery
"Fibroblast - Aortic Adventitial, donor1.CNhs10874.11245-116E3",fibroblast of the aortic adventitia
"Fibroblast - Aortic Adventitial, donor3.CNhs12011.11401-118D6",fibroblast of the aortic adventitia
"Fibroblast - Conjunctival, donor1.CNhs11339.11531-120A1",fibroblast of the conjuctiva
fibrosarcoma cell line:HT-1080.CNhs11860.10758-110E2,fibrosarcoma cell line
fibrous histiocytoma cell line:GCT TIB-223.CNhs11842.10711-109H9,fibrous histiocytoma cell line
gall bladder carcinoma cell line:TGBC14TKB.CNhs11256.10470-106I2,gall bladder carcinoma cell line
gall bladder carcinoma cell line:TGBC2TKB.CNhs10733.10415-106C1,gall bladder carcinoma cell line
"gamma delta positive T cells, donor1.CNhs13914.11937-126A2",gamma-delta T cell
"gamma delta positive T cells, donor2.CNhs13915.11938-126A3",gamma-delta T cell
gastric adenocarcinoma cell line:MKN1.CNhs11737.10614-108G2,gastric adenocarcinoma cell line
gastric adenocarcinoma cell line:MKN45.CNhs11819.10612-108F9,gastric adenocarcinoma cell line
gastric cancer cell line:AZ521.CNhs11286.10549-107H9,gastric cancer cell line
gastric cancer cell line:GSS.CNhs14241.10560-108A2,gastric cancer cell line
gastrointestinal carcinoma cell line:ECC12.CNhs11738.10615-108G3,gastrointestinal carcinoma cell line
giant cell carcinoma cell line:LU65.CNhs11274.10487-107B1,giant cell carcinoma cell line
giant cell carcinoma cell line:Lu99B.CNhs10751.10433-106E1,giant cell carcinoma cell line
"Gingival epithelial cells, donor1 (GEA11).CNhs11061.11221-116B6",gingival epithelia cell
"Gingival epithelial cells, donor2 (GEA14).CNhs11896.11302-117B6",gingival epithelia cell
"Gingival epithelial cells, donor3 (GEA15).CNhs11903.11379-118B2",gingival epithelia cell
"glioblastoma cell line:A172, tech_rep2.CNhs11248.10444-106F3",glioblastoma cell line
glioblastoma cell line:A172.CNhs11185.10444-106F3,glioblastoma cell line
glioblastoma cell line:T98G.CNhs11272.10485-107A8,glioblastoma cell line
glioma cell line:GI-1.CNhs10731.10413-106B8,glioma cell line
"Renal Glomerular Endothelial Cells, donor1.CNhs12074.11514-119H2",glomerular endothelial cell
"Renal Glomerular Endothelial Cells, donor2.CNhs12086.11594-120H1",glomerular endothelial cell
"Renal Glomerular Endothelial Cells, donor3.CNhs12624.11675-122H1",glomerular endothelial cell
"Renal Glomerular Endothelial Cells, donor4.CNhs13080.11783-124B1",glomerular endothelial cell
granulosa cell tumor cell line:KGN.CNhs11740.10624-108H3,granulosa cell tumor cell line
"Hair Follicle Dermal Papilla Cells, donor1.CNhs12501.11271-116H2",hair follicle dermal papilla cell
"Hair Follicle Dermal Papilla Cells, donor2.CNhs11979.11348-117G7",hair follicle dermal papilla cell
"Hair Follicle Dermal Papilla Cells, donor3.CNhs12030.11420-118F7",hair follicle dermal papilla cell
"Hair Follicle Outer Root Sheath Cells, donor1.CNhs12339.11504-119G1",hair follicle outer root sheath cell
"Hair Follicle Outer Root Sheath Cells, donor2.CNhs12347.11584-120F9",hair follicle outer root sheath cell
hairy cell leukemia cell line:Mo.CNhs11843.10712-109I1,hairy cell leukemia cell line
"COBL-a rinderpest infection, 00hr, biol_rep1.CNhs14419.13553-145I7",hematopoietic cancer cell line
"COBL-a rinderpest infection, 00hr, biol_rep2.CNhs14420.13554-145I8",hematopoietic cancer cell line
"COBL-a rinderpest infection, 00hr, biol_rep3.CNhs14421.13555-145I9",hematopoietic cancer cell line
anaplastic large cell lymphoma cell line:Ki-JK.CNhs11881.10795-110I3,hematopoietic cancer cell line
cord blood derived cell line:COBL-a 24h infection(-C).CNhs11049.10452-106G2,hematopoietic cancer cell line
cord blood derived cell line:COBL-a 24h infection.CNhs11050.10453-106G3,hematopoietic cancer cell line
cord blood derived cell line:COBL-a untreated.CNhs11045.10449-106F8,hematopoietic cancer cell line
lymphangiectasia cell line:DS-1.CNhs11852.10727-110A7,hematopoietic cancer cell line
"CD133+ stem cells - adult bone marrow derived, pool1.CNhs12552.12224-129F1",hematopoietic stem cell
"CD34 cells differentiated to erythrocyte lineage, biol_ rep1.CNhs13552.11931-125I5",hematopoietic stem cell
"CD34 cells differentiated to erythrocyte lineage, biol_ rep2.CNhs13553.11932-125I6",hematopoietic stem cell
"CD34+ Progenitors, donor1.CNhs13227.11545-120B6",hematopoietic stem cell
"CD34+ Progenitors, donor2.CNhs12205.11625-122B5",hematopoietic stem cell
"CD34+ stem cells - adult bone marrow derived, donor1, tech_rep1.CNhs12588.12225-129F2",hematopoietic stem cell
"CD34+ stem cells - adult bone marrow derived, donor1, tech_rep2.CNhs12553.12225-129F2",hematopoietic stem cell
"Mesenchymal Stem Cells - hepatic, donor2.CNhs12730.11618-122A7",hepatic mesenchymal stem cell
"Mesenchymal stem cells - hepatic, donor0.CNhs10845.11218-116B3",hepatic mesenchymal stem cell
"Hepatic Stellate Cells (lipocyte), donor1.CNhs11335.11524-119I3",hepatic stellate cell (lipocyte)
"Hepatic Stellate Cells (lipocyte), donor2.CNhs12093.11604-120I2",hepatic stellate cell (lipocyte)
hepatoblastoma cell line:HuH-6.CNhs11742.10633-108I3,hepatoblastoma cell line
"hepatocellular carcinoma cell line: HepG2 ENCODE, biol_rep1.CNhs12328.10818-111B8",hepatocellular carcinoma cell line
"hepatocellular carcinoma cell line: HepG2 ENCODE, biol_rep2.CNhs12329.10819-111B9",hepatocellular carcinoma cell line
"hepatocellular carcinoma cell line: HepG2 ENCODE, biol_rep3.CNhs12330.10820-111C1",hepatocellular carcinoma cell line
hepatoma cell line:Li-7.CNhs11271.10484-107A7,hepatocellular carcinoma cell line
pleomorphic hepatocellular carcinoma cell line:SNU-387.CNhs11933.10706-109H4,hepatocellular carcinoma cell line
"Hepatocyte, donor1.CNhs12340.11523-119I2",hepatocyte
"Hepatocyte, donor2.CNhs12349.11603-120I1",hepatocyte
"Hepatocyte, donor3.CNhs12626.11684-122I1",hepatocyte
hereditary spherocytic anemia cell line:WIL2-NS.CNhs11891.10808-111A7,hereditary spherocytosis cell line
"Dendritic Cells - monocyte immature derived, donor1, tech_rep1.CNhs10855.11227-116C3",immature conventional dendritic cell
"Dendritic Cells - monocyte immature derived, donor1, tech_rep2.CNhs11062.11227-116C3",immature conventional dendritic cell
"Dendritic Cells - monocyte immature derived, donor3.CNhs12000.11384-118B7",immature conventional dendritic cell
"immature langerhans cells, donor1.CNhs13537.11904-125F5",immature langerhans cell
"immature langerhans cells, donor2.CNhs13480.11905-125F6",immature langerhans cell
"Intestinal epithelial cells (polarized), donor1.CNhs10875.11246-116E4",intestinal epithelial cell
"Iris Pigment Epithelial Cells, donor1.CNhs12596.11530-119I9",iris pigment epithelial cell
"Keratinocyte - epidermal, donor1.CNhs11064.11272-116H3",keratinocyte
"Keratinocyte - epidermal, donor2.CNhs11381.11349-117G8",keratinocyte
"Keratinocyte - epidermal, donor3.CNhs12031.11421-118F8",keratinocyte
"Keratinocyte - oral, donor1.CNhs10879.11251-116E9",keratinocyte
keratoacanthoma cell line:HKA-1.CNhs11880.10791-110H8,keratoacanthoma cell line
"Keratocytes, donor1.CNhs11337.11527-119I6",keratocyte
"Keratocytes, donor2.CNhs12095.11607-120I5",keratocyte
large cell lung carcinoma cell line:IA-LM.CNhs11277.10509-107D5,large cell lung carcinoma cell line
large cell lung carcinoma cell line:NCI-H460.CNhs12806.10839-111E2,large cell lung carcinoma cell line
leiomyoma cell line:10964C.CNhs11722.10569-108B2,leiomyoma cell line
leiomyoma cell line:15242A.CNhs11723.10570-108B3,leiomyoma cell line
leiomyoma cell line:15425.CNhs11724.10571-108B4,leiomyoma cell line
"Lens Epithelial Cells, donor2.CNhs12568.11609-120I7",lens epithelial cell
"Lens Epithelial Cells, donor3.CNhs12572.11690-122I7",lens epithelial cell
"Meningeal Cells, donor1.CNhs11320.11493-119E8",leptomeningeal cell
"Meningeal Cells, donor2.CNhs12080.11573-120E7",leptomeningeal cell
"Meningeal Cells, donor3.CNhs12731.11654-122E7",leptomeningeal cell
"Melanocyte - light, donor1.CNhs11303.11274-116H5",light melanocyte
"Melanocyte - light, donor2.CNhs11383.11351-117H1",light melanocyte
"Melanocyte - light, donor3.CNhs12033.11423-118G1",light melanocyte
liposarcoma cell line:KMLS-1.CNhs11870.10782-110G8,liposarcoma cell line
liposarcoma cell line:SW 872.CNhs11851.10726-110A6,liposarcoma cell line
lung adenocarcinoma cell line:A549.CNhs11275.10499-107C4,lung adenocarcinoma cell line
lung adenocarcinoma cell line:PC-14.CNhs10726.10408-106B3,lung adenocarcinoma cell line
"Macrophage - monocyte derived, donor1.CNhs10861.11232-116C8",macrophage
"Macrophage - monocyte derived, donor2.CNhs11899.11313-117C8",macrophage
"Macrophage - monocyte derived, donor3.CNhs12003.11389-118C3",macrophage
"Monocyte-derived macrophages response to LPS, 00hr00min, donor2 (t1 Subject2).CNhs13379.12796-136F6",macrophage
"Monocyte-derived macrophages response to LPS, 00hr00min, donor3 (t1 Subject3).CNhs13174.12894-137H5",macrophage
"Monocyte-derived macrophages response to LPS, 00hr15min, donor2 (t2 Subject2).CNhs13380.12797-136F7",macrophage
"Monocyte-derived macrophages response to LPS, 00hr15min, donor3 (t2 Subject3).CNhs13175.12895-137H6",macrophage
"Monocyte-derived macrophages response to LPS, 00hr30min, donor2 (t3 Subject2).CNhs13381.12798-136F8",macrophage
"Monocyte-derived macrophages response to LPS, 00hr30min, donor3 (t3 Subject3).CNhs13176.12896-137H7",macrophage
"Monocyte-derived macrophages response to LPS, 00hr45min, donor2 (t4 Subject2).CNhs13382.12799-136F9",macrophage
"Monocyte-derived macrophages response to LPS, 00hr45min, donor3 (t4 Subject3).CNhs13177.12897-137H8",macrophage
"Monocyte-derived macrophages response to LPS, 01hr00min, donor2 (t5 Subject2).CNhs13383.12800-136G1",macrophage
"Monocyte-derived macrophages response to LPS, 01hr00min, donor3 (t5 Subject3).CNhs13178.12898-137H9",macrophage
"Monocyte-derived macrophages response to LPS, 01hr20min, donor1 (t6 Subject1).CNhs13149.12703-135E3",macrophage
"Monocyte-derived macrophages response to LPS, 01hr20min, donor2 (t6 Subject2).CNhs13384.12801-136G2",macrophage
"Monocyte-derived macrophages response to LPS, 01hr20min, donor3 (t6 Subject3).CNhs13179.12899-137I1",macrophage
"Monocyte-derived macrophages response to LPS, 01hr40min, donor2 (t7 Subject2).CNhs13385.12802-136G3",macrophage
"Monocyte-derived macrophages response to LPS, 01hr40min, donor3 (t7 Subject3).CNhs13180.12900-137I2",macrophage
"Monocyte-derived macrophages response to LPS, 02hr00min, donor2 (t8 Subject2).CNhs13386.12803-136G4",macrophage
"Monocyte-derived macrophages response to LPS, 02hr00min, donor3 (t8 Subject3).CNhs13181.12901-137I3",macrophage
"Monocyte-derived macrophages response to LPS, 02hr30min, donor1 (t9 Subject1).CNhs13152.12706-135E6",macrophage
"Monocyte-derived macrophages response to LPS, 02hr30min, donor2 (t9 Subject2).CNhs13387.12804-136G5",macrophage
"Monocyte-derived macrophages response to LPS, 02hr30min, donor3 (t9 Subject3).CNhs13182.12902-137I4",macrophage
"Monocyte-derived macrophages response to LPS, 03hr00min, donor1 (t10 Subject1).CNhs12924.12707-135E7",macrophage
"Monocyte-derived macrophages response to LPS, 03hr00min, donor2 (t10 Subject2).CNhs13388.12805-136G6",macrophage
"Monocyte-derived macrophages response to LPS, 03hr00min, donor3 (t10 Subject3).CNhs13183.12903-137I5",macrophage
"Monocyte-derived macrophages response to LPS, 03hr30min, donor2 (t11 Subject2).CNhs13389.12806-136G7",macrophage
"Monocyte-derived macrophages response to LPS, 03hr30min, donor3 (t11 Subject3).CNhs13184.12904-137I6",macrophage
"Monocyte-derived macrophages response to LPS, 04hr, donor1 (t12 Subject1).CNhs13154.12709-135E9",macrophage
"Monocyte-derived macrophages response to LPS, 04hr, donor2 (t12 Subject2).CNhs13391.12807-136G8",macrophage
"Monocyte-derived macrophages response to LPS, 04hr, donor3 (t12 Subject3).CNhs13185.12905-137I7",macrophage
"Monocyte-derived macrophages response to LPS, 05hr, donor1 (t13 Subject1).CNhs13155.12710-135F1",macrophage
"Monocyte-derived macrophages response to LPS, 05hr, donor2 (t13 Subject2).CNhs13392.12808-136G9",macrophage
"Monocyte-derived macrophages response to LPS, 05hr, donor3 (t13 Subject3).CNhs13186.12906-137I8",macrophage
"Monocyte-derived macrophages response to LPS, 06hr, donor1 (t14 Subject1).CNhs12925.12711-135F2",macrophage
"Monocyte-derived macrophages response to LPS, 06hr, donor2 (t14 Subject2).CNhs13393.12809-136H1",macrophage
"Monocyte-derived macrophages response to LPS, 07hr, donor2 (t15 Subject2).CNhs13394.12810-136H2",macrophage
"Monocyte-derived macrophages response to LPS, 07hr, donor3 (t15 Subject3).CNhs13325.12908-138A1",macrophage
"Monocyte-derived macrophages response to LPS, 08hr, donor1 (t16 Subject1).CNhs12927.12713-135F4",macrophage
"Monocyte-derived macrophages response to LPS, 08hr, donor2 (t16 Subject2).CNhs13395.12811-136H3",macrophage
"Monocyte-derived macrophages response to LPS, 08hr, donor3 (t16 Subject3).CNhs13326.12909-138A2",macrophage
"Monocyte-derived macrophages response to LPS, 10hr, donor1 (t17 Subject1).CNhs12928.12714-135F5",macrophage
"Monocyte-derived macrophages response to LPS, 10hr, donor2 (t17 Subject2).CNhs13396.12812-136H4",macrophage
"Monocyte-derived macrophages response to LPS, 10hr, donor3 (t17 Subject3).CNhs13327.12910-138A3",macrophage
"Monocyte-derived macrophages response to LPS, 12hr, donor1 (t18 Subject1).CNhs12813.12715-135F6",macrophage
"Monocyte-derived macrophages response to LPS, 12hr, donor2 (t18 Subject2).CNhs13397.12813-136H5",macrophage
"Monocyte-derived macrophages response to LPS, 12hr, donor3 (t18 Subject3).CNhs13328.12911-138A4",macrophage
"Monocyte-derived macrophages response to LPS, 14hr, donor1 (t19 Subject1).CNhs12929.12716-135F7",macrophage
"Monocyte-derived macrophages response to LPS, 14hr, donor2 (t19 Subject2).CNhs13398.12814-136H6",macrophage
"Monocyte-derived macrophages response to LPS, 14hr, donor3 (t19 Subject3).CNhs13329.12912-138A5",macrophage
"Monocyte-derived macrophages response to LPS, 16hr, donor2 (t20 Subject2).CNhs13399.12815-136H7",macrophage
"Monocyte-derived macrophages response to LPS, 16hr, donor3 (t20 Subject3).CNhs13330.12913-138A6",macrophage
"Monocyte-derived macrophages response to LPS, 18hr, donor1 (t21 Subject1).CNhs12814.12718-135F9",macrophage
"Monocyte-derived macrophages response to LPS, 18hr, donor2 (t21 Subject2).CNhs13400.12816-136H8",macrophage
"Monocyte-derived macrophages response to LPS, 18hr, donor3 (t21 Subject3).CNhs13331.12914-138A7",macrophage
"Monocyte-derived macrophages response to LPS, 20hr, donor1 (t22 Subject1).CNhs12931.12719-135G1",macrophage
"Monocyte-derived macrophages response to LPS, 20hr, donor2 (t22 Subject2).CNhs13401.12817-136H9",macrophage
"Monocyte-derived macrophages response to LPS, 20hr, donor3 (t22 Subject3).CNhs13332.12915-138A8",macrophage
"Monocyte-derived macrophages response to LPS, 22hr, donor1 (t23 Subject1).CNhs12815.12720-135G2",macrophage
"Monocyte-derived macrophages response to LPS, 22hr, donor2 (t23 Subject2).CNhs13402.12818-136I1",macrophage
"Monocyte-derived macrophages response to LPS, 22hr, donor3 (t23 Subject3).CNhs13333.12916-138A9",macrophage
"Monocyte-derived macrophages response to LPS, 24hr, donor1 (t24 Subject1).CNhs12932.12721-135G3",macrophage
"Monocyte-derived macrophages response to LPS, 24hr, donor2 (t24 Subject2).CNhs13403.12819-136I2",macrophage
"Monocyte-derived macrophages response to LPS, 24hr, donor3 (t24 Subject3).CNhs13334.12917-138B1",macrophage
"Monocyte-derived macrophages response to LPS, 36hr, donor1 (t25 Subject1).CNhs12933.12722-135G4",macrophage
"Monocyte-derived macrophages response to LPS, 36hr, donor2 (t25 Subject2).CNhs13404.12820-136I3",macrophage
"Monocyte-derived macrophages response to LPS, 36hr, donor3 (t25 Subject3).CNhs13335.12918-138B2",macrophage
"Monocyte-derived macrophages response to LPS, 48hr, donor1 (t26 Subject1).CNhs11942.12723-135G5",macrophage
"Monocyte-derived macrophages response to LPS, 48hr, donor2 (t26 Subject2).CNhs13405.12821-136I4",macrophage
"Monocyte-derived macrophages response to mock influenza infection, 00hr00min, donor3 (536_119:MI_0h).CNhs13649.13322-143B1",macrophage
"Monocyte-derived macrophages response to mock influenza infection, 00hr00min, donor4 (227_121:MI_0h).CNhs13638.13310-142I7",macrophage
"Monocyte-derived macrophages response to mock influenza infection, 24hr00min, donor1 (868_121:MI_24h).CNhs13693.13309-142I6",macrophage
"Monocyte-derived macrophages response to mock influenza infection, 24hr00min, donor2 (150_120:MI_24h).CNhs13648.13321-143A9",macrophage
"Monocyte-derived macrophages response to mock influenza infection, 24hr00min, donor3 (536_119:MI_24h).CNhs13652.13327-143B6",macrophage
"Monocyte-derived macrophages response to mock influenza infection, 24hr00min, donor4 (227_121:MI_24h).CNhs13644.13315-143A3",macrophage
"Monocyte-derived macrophages response to udorn influenza infection, 00hr00min, donor1 (868_121:Ud_0h).CNhs13554.13305-142I2",macrophage
"Monocyte-derived macrophages response to udorn influenza infection, 00hr00min, donor2 (150_120:Ud_0h).CNhs13646.13317-143A5",macrophage
"Monocyte-derived macrophages response to udorn influenza infection, 00hr00min, donor3 (536_119:Ud_0h).CNhs13650.13323-143B2",macrophage
"Monocyte-derived macrophages response to udorn influenza infection, 00hr00min, donor4 (227_121:Ud_0h).CNhs13639.13311-142I8",macrophage
"Monocyte-derived macrophages response to udorn influenza infection, 02hr00min, donor1 (868_121:Ud_2h).CNhs13555.13306-142I3",macrophage
"Monocyte-derived macrophages response to udorn influenza infection, 02hr00min, donor3 (536_119:Ud_2h).CNhs13651.13324-143B3",macrophage
"Monocyte-derived macrophages response to udorn influenza infection, 02hr00min, donor4 (227_121:Ud_2h).CNhs13640.13312-142I9",macrophage
"Monocyte-derived macrophages response to udorn influenza infection, 07hr00min, donor1 (868_121:Ud_7h).CNhs13556.13307-142I4",macrophage
"Monocyte-derived macrophages response to udorn influenza infection, 07hr00min, donor2 (150_120:Ud_7h).CNhs13559.13319-143A7",macrophage
"Monocyte-derived macrophages response to udorn influenza infection, 07hr00min, donor3 (536_119:Ud_7h).CNhs13561.13325-143B4",macrophage
"Monocyte-derived macrophages response to udorn influenza infection, 07hr00min, donor4 (227_121:Ud_7h).CNhs13641.13313-143A1",macrophage
"Monocyte-derived macrophages response to udorn influenza infection, 24hr00min, donor1 (868_121:Ud_24h).CNhs13557.13308-142I5",macrophage
"Monocyte-derived macrophages response to udorn influenza infection, 24hr00min, donor2 (150_120:Ud_24h).CNhs13560.13320-143A8",macrophage
"Monocyte-derived macrophages response to udorn influenza infection, 24hr00min, donor3 (536_119:Ud_24h).CNhs13562.13326-143B5",macrophage
hepatic mesenchymal tumor cell line:LI90.CNhs11868.10778-110G4,malignant epithelioid hemangioendothelioma
myxofibrosarcoma cell line:MFH-ino.CNhs11729.10600-108E6,malignant fibrous histiocytoma of bone cell line
myxofibrosarcoma cell line:NMFH-1.CNhs11821.10684-109E9,malignant fibrous histiocytoma of bone cell line
"mesothelioma cell line:Mero-14, tech_rep2.CNhs14376.10849-111F3",malignant mesothelioma cell line
mesothelioma cell line:Mero-25.CNhs13066.10850-111F4,malignant mesothelioma cell line
mesothelioma cell line:Mero-41.CNhs13067.10851-111F5,malignant mesothelioma cell line
mesothelioma cell line:Mero-48a.CNhs13068.10852-111F6,malignant mesothelioma cell line
mesothelioma cell line:Mero-82.CNhs13069.10853-111F7,malignant mesothelioma cell line
mesothelioma cell line:Mero-83.CNhs13070.10854-111F8,malignant mesothelioma cell line
mesothelioma cell line:Mero-84.CNhs13072.10855-111F9,malignant mesothelioma cell line
mesothelioma cell line:Mero-95.CNhs13073.10856-111G1,malignant mesothelioma cell line
mesothelioma cell line:NCI-H2052.CNhs13063.10847-111F1,malignant mesothelioma cell line
mesothelioma cell line:NCI-H226.CNhs13062.10846-111E9,malignant mesothelioma cell line
mesothelioma cell line:NCI-H2452.CNhs13064.10848-111F2,malignant mesothelioma cell line
mesothelioma cell line:NCI-H28.CNhs13061.10845-111E8,malignant mesothelioma cell line
"schwannoma cell line:HS-PSS, tech_rep2.CNhs11245.10442-106F1",malignant peripheral nerve sheath tumor cell line
schwannoma cell line:HS-PSS.CNhs11183.10442-106F1,malignant peripheral nerve sheath tumor cell line
mesothelioma cell line:No36.CNhs13074.10857-111G2,malignant pleural mesothelioma cell line
"Mallassez-derived cells, donor1 (MZH3).CNhs12538.12142-128E9",mallassez-derived epithelial cell
"Mallassez-derived cells, donor2.CNhs13550.11929-125I3",mallassez-derived epithelial cell
"Mallassez-derived cells, donor3.CNhs13551.11930-125I4",mallassez-derived epithelial cell
"Mammary Epithelial Cell, donor1.CNhs11077.11273-116H4",mammary gland epithelial cell
"Mammary Epithelial Cell, donor2.CNhs11382.11350-117G9",mammary gland epithelial cell
"Mammary Epithelial Cell, donor3.CNhs12032.11422-118F9",mammary gland epithelial cell
"Mast cell - stimulated, donor1.CNhs11073.11487-119E2",mast cell
"Mast cell, donor1.CNhs12566.11563-120D6",mast cell
"Mast cell, donor2.CNhs12594.11565-120D8",mast cell
"Mast cell, donor3.CNhs12593.11566-120D9",mast cell
"Mast cell, donor4.CNhs12592.11567-120E1",mast cell
"Mast cell, expanded and stimulated, donor5.CNhs13925.11940-126A5",mast cell
"Mast cell, expanded and stimulated, donor8.CNhs13927.11942-126A7",mast cell
"Mast cell, expanded, donor5.CNhs13924.11939-126A4",mast cell
"Mast cell, expanded, donor8.CNhs13926.11941-126A6",mast cell
maxillary sinus tumor cell line:HSQ-89.CNhs10732.10414-106B9,maxillary sinus squamous cell carcinoma cell line
medulloblastoma cell line:D283 Med.CNhs12805.10838-111E1,medulloblastoma cell line
medulloblastoma cell line:ONS-76.CNhs11861.10759-110E3,medulloblastoma cell line
"Melanocyte, donor1 (MC+1).CNhs12816.12641-134G4",melanocyte
"Melanocyte, donor2 (MC+2).CNhs13156.12739-135I3",melanocyte
"Melanocyte, donor3 (MC+3).CNhs13406.12837-137B2",melanocyte
melanoma cell line:COLO 679.CNhs11281.10514-107E1,melanoma cell line
melanoma cell line:G-361.CNhs11254.10465-106H6,melanoma cell line
meningioma cell line:HKBMM.CNhs11945.10691-109F7,meningioma cell line
merkel cell carcinoma cell line:MKL-1.CNhs12838.10843-111E6,merkel cell carcinoma cell line
merkel cell carcinoma cell line:MS-1.CNhs12839.10844-111E7,merkel cell carcinoma cell line
"Renal Mesangial Cells, donor1.CNhs11333.11518-119H6",mesangial cell
"Renal Mesangial Cells, donor3.CNhs12121.11679-122H5",mesangial cell
"Mesenchymal Stem Cells - Wharton's Jelly, donor1.CNhs11057.11548-120B9",mesenchymal stem cell of Wharton's jelly
"Mesenchymal Stem Cells - adipose, donor1.CNhs11345.11537-120A7",mesenchymal stem cell of adipose
"Mesenchymal Stem Cells - adipose, donor3.CNhs12922.11698-123A6",mesenchymal stem cell of adipose
"Mesenchymal stem cells - adipose, donor0.CNhs10844.11217-116B2",mesenchymal stem cell of adipose
"mesenchymal precursor cell - adipose, donor1.CNhs12363.11747-123G1",mesenchymal stem cell of adipose
"mesenchymal precursor cell - adipose, donor2.CNhs12364.11748-123G2",mesenchymal stem cell of adipose
"mesenchymal precursor cell - adipose, donor3.CNhs12365.11749-123G3",mesenchymal stem cell of adipose
"mesenchymal stem cells (adipose derived), adipogenic induction, 00hr00min, biol_rep1.CNhs13337.13229-141I7",mesenchymal stem cell of adipose
"mesenchymal stem cells (adipose derived), adipogenic induction, 00hr00min, biol_rep2.CNhs13420.13230-141I8",mesenchymal stem cell of adipose
"mesenchymal stem cells (adipose derived), adipogenic induction, 00hr00min, biol_rep3.CNhs13421.13231-141I9",mesenchymal stem cell of adipose
"Mesenchymal Stem Cells - bone marrow, donor1.CNhs11344.11536-120A6",mesenchymal stem cell of the bone marrow
"Mesenchymal Stem Cells - bone marrow, donor2.CNhs12100.11616-122A5",mesenchymal stem cell of the bone marrow
"Mesenchymal Stem Cells - bone marrow, donor3.CNhs12126.11697-123A5",mesenchymal stem cell of the bone marrow
"mesenchymal precursor cell - bone marrow, donor1.CNhs12366.11750-123G4",mesenchymal stem cell of the bone marrow
"mesenchymal precursor cell - bone marrow, donor2.CNhs12367.11751-123G5",mesenchymal stem cell of the bone marrow
"mesenchymal precursor cell - bone marrow, donor3.CNhs13098.11840-124H4",mesenchymal stem cell of the bone marrow
"Mesenchymal Stem Cells - umbilical, donor1.CNhs11347.11539-120A9",mesenchymal stem cell of umbilical cord
"Mesenchymal Stem Cells - umbilical, donor3.CNhs12127.11700-123A8",mesenchymal stem cell of umbilical cord
"Mesenchymal stem cells - umbilical, donor0.CNhs12492.11214-116A8",mesenchymal stem cell of umbilical cord
"Mesothelial Cells, donor1.CNhs10850.11247-116E5",mesothelial cell
"Mesothelial Cells, donor2.CNhs12197.12156-128G5",mesothelial cell
"Mesothelial Cells, donor3.CNhs12012.11402-118D7",mesothelial cell
"Endothelial Cells - Microvascular, donor1.CNhs11925.11265-116G5",microvascular endothelial cell
"Endothelial Cells - Microvascular, donor2.CNhs11376.11342-117G1",microvascular endothelial cell
"Endothelial Cells - Microvascular, donor3.CNhs12024.11414-118F1",microvascular endothelial cell
"migratory langerhans cells, donor1.CNhs13535.11901-125F2",migratory langerhans cell
"migratory langerhans cells, donor2.CNhs13536.11902-125F3",migratory langerhans cell
"migratory langerhans cells, donor3.CNhs13547.11903-125F4",migratory langerhans cell
"CD14+ Monocytes, donor1.CNhs10852.11224-116B9",monocyte
"CD14+ Monocytes, donor2.CNhs11954.11305-117B9",monocyte
"CD14+ Monocytes, donor3.CNhs11997.11381-118B4",monocyte
"CD14+ monocyte derived endothelial progenitor cells, donor1.CNhs10858.11229-116C5",monocyte
"CD14+ monocyte derived endothelial progenitor cells, donor2.CNhs11897.11310-117C5",monocyte
"CD14+ monocyte derived endothelial progenitor cells, donor3.CNhs11904.11386-118B9",monocyte
"CD14+ monocytes - mock treated, donor1.CNhs13468.11863-125A9",monocyte
"CD14+ monocytes - mock treated, donor2.CNhs13484.11873-125C1",monocyte
"CD14+ monocytes - mock treated, donor3.CNhs13491.11883-125D2",monocyte
"CD14+ monocytes - treated with B-glucan, donor1.CNhs13474.11869-125B6",monocyte
"CD14+ monocytes - treated with B-glucan, donor2.CNhs13489.11879-125C7",monocyte
"CD14+ monocytes - treated with B-glucan, donor3.CNhs13495.11889-125D8",monocyte
"CD14+ monocytes - treated with BCG, donor1.CNhs13465.11860-125A6",monocyte
"CD14+ monocytes - treated with BCG, donor2.CNhs13475.11870-125B7",monocyte
"CD14+ monocytes - treated with BCG, donor3.CNhs13543.11880-125C8",monocyte
"CD14+ monocytes - treated with Candida, donor1.CNhs13473.11868-125B5",monocyte
"CD14+ monocytes - treated with Candida, donor2.CNhs13488.11878-125C6",monocyte
"CD14+ monocytes - treated with Candida, donor3.CNhs13494.11888-125D7",monocyte
"CD14+ monocytes - treated with Cryptococcus, donor1.CNhs13472.11867-125B4",monocyte
"CD14+ monocytes - treated with Cryptococcus, donor2.CNhs13487.11877-125C5",monocyte
"CD14+ monocytes - treated with Cryptococcus, donor3.CNhs13546.11887-125D6",monocyte
"CD14+ monocytes - treated with Group A streptococci, donor1.CNhs13469.11864-125B1",monocyte
"CD14+ monocytes - treated with Group A streptococci, donor2.CNhs13532.11874-125C2",monocyte
"CD14+ monocytes - treated with Group A streptococci, donor3.CNhs13492.11884-125D3",monocyte
"CD14+ monocytes - treated with IFN + N-hexane, donor1.CNhs13466.11861-125A7",monocyte
"CD14+ monocytes - treated with IFN + N-hexane, donor2.CNhs13476.11871-125B8",monocyte
"CD14+ monocytes - treated with IFN + N-hexane, donor3.CNhs13490.11881-125C9",monocyte
"CD14+ monocytes - treated with Salmonella, donor1.CNhs13471.11866-125B3",monocyte
"CD14+ monocytes - treated with Salmonella, donor2.CNhs13485.11876-125C4",monocyte
"CD14+ monocytes - treated with Salmonella, donor3.CNhs13493.11886-125D5",monocyte
"CD14+ monocytes - treated with Trehalose dimycolate (TDM), donor1.CNhs13467.11862-125A8",monocyte
"CD14+ monocytes - treated with Trehalose dimycolate (TDM), donor2.CNhs13483.11872-125B9",monocyte
"CD14+ monocytes - treated with Trehalose dimycolate (TDM), donor3.CNhs13544.11882-125D1",monocyte
"CD14+ monocytes - treated with lipopolysaccharide, donor1.CNhs13470.11865-125B2",monocyte
"CD14+ monocytes - treated with lipopolysaccharide, donor2.CNhs13533.11875-125C3",monocyte
"CD14+ monocytes - treated with lipopolysaccharide, donor3.CNhs13545.11885-125D4",monocyte
"CD14+CD16+ Monocytes, donor1.CNhs13541.11789-124B7",monocyte
"CD14+CD16+ Monocytes, donor2.CNhs13208.11801-124D1",monocyte
"CD14+CD16+ Monocytes, donor3.CNhs13549.11912-125G4",monocyte
"CD14+CD16- Monocytes, donor1.CNhs13224.11788-124B6",monocyte
"CD14+CD16- Monocytes, donor2.CNhs13216.11799-124C8",monocyte
"CD14+CD16- Monocytes, donor3.CNhs13540.11910-125G2",monocyte
"CD14-CD16+ Monocytes, donor1.CNhs13229.11790-124B8",monocyte
"CD14-CD16+ Monocytes, donor2.CNhs13207.11800-124C9",monocyte
"CD14-CD16+ Monocytes, donor3.CNhs13548.11911-125G3",monocyte
myeloma cell line:PCM6.CNhs11258.10474-106I6,multiple myeloma cell line
"mycosis fungoides, T cell lymphoma cell line:HuT 102 TIB-162.CNhs11858.10744-110C6",mycosis fungoides cell line
"Myoblast, donor1.CNhs10870.11241-116D8",myoblast
"Myoblast, donor2.CNhs11965.11322-117D8",myoblast
"Myoblast, donor3.CNhs11908.11398-118D3",myoblast
"Natural Killer Cells, donor1.CNhs10859.11230-116C6",natural killer cell
"Natural Killer Cells, donor2.CNhs11957.11311-117C6",natural killer cell
"Natural Killer Cells, donor3.CNhs12001.11387-118C1",natural killer cell
NK T cell leukemia cell line:KHYG-1.CNhs11867.10777-110G3,natural killer cell leukemia cell line
"Renal Epithelial Cells, donor1.CNhs11332.11517-119H5",nephron tubule epithelial cell
"Renal Epithelial Cells, donor2.CNhs12088.11597-120H4",nephron tubule epithelial cell
"Renal Epithelial Cells, donor3.CNhs12732.11678-122H4",nephron tubule epithelial cell
neuroblastoma cell line:CHP-134.CNhs11276.10508-107D4,neuroblastoma cell line
neuroblastoma cell line:NB-1.CNhs11284.10539-107G8,neuroblastoma cell line
neuroblastoma cell line:NBsusSR.CNhs11818.10607-108F4,neuroblastoma cell line
neuroblastoma cell line:NH-12.CNhs11811.10555-107I6,neuroblastoma cell line
neuroectodermal tumor cell line:FU-RPNT-1.CNhs11744.10637-108I7,neuroectodermal tumor cell line
neuroectodermal tumor cell line:FU-RPNT-2.CNhs11753.10663-109C6,neuroectodermal tumor cell line
neuroectodermal tumor cell line:TASK1.CNhs11866.10774-110F9,neuroectodermal tumor cell line
neurofibroma cell line:Hs 53.T.CNhs11854.10729-110A9,neurofibroma cell line
"Neurons, donor1.CNhs12338.11494-119E9",neurons
"Neurons, donor2.CNhs12726.11574-120E8",neurons
"Neurons, donor3.CNhs13815.11655-122E8",neurons
"Neutrophils, donor1.CNhs10862.11233-116C9",neutrophil
"Neutrophils, donor2.CNhs11959.11314-117C9",neutrophil
"Neutrophils, donor3.CNhs11905.11390-118C4",neutrophil
non T non B acute lymphoblastic leukemia (ALL) cell line:P30/OHK.CNhs10747.10430-106D7,non T non B acute lymphoblastic leukemia (ALL) cell line
non-small cell lung cancer cell line:NCI-H1385.CNhs12193.10730-110B1,non-small cell lung carcinoma cell line
"Nucleus Pulposus Cell, donor1.CNhs10881.11252-116F1",nucleus pulposus cell
"Nucleus Pulposus Cell, donor2.CNhs12019.11409-118E5",nucleus pulposus cell
"Nucleus Pulposus Cell, donor3.CNhs12063.11462-119B4",nucleus pulposus cell
"Olfactory epithelial cells, donor1.CNhs13816.11933-125I7",olfactory epithelial cell
"Olfactory epithelial cells, donor2.CNhs13817.11934-125I8",olfactory epithelial cell
"Olfactory epithelial cells, donor3.CNhs13818.11935-125I9",olfactory epithelial cell
"Olfactory epithelial cells, donor4.CNhs13819.11936-126A1",olfactory epithelial cell
"nasal epithelial cells, donor1, tech_rep1.CNhs12589.12226-129F3",olfactory epithelial cell
"nasal epithelial cells, donor1, tech_rep2.CNhs12554.12226-129F3",olfactory epithelial cell
"nasal epithelial cells, donor2.CNhs12574.12227-129F4",olfactory epithelial cell
"Preadipocyte - omental, donor1.CNhs11065.11468-119C1",omentum preadipocyte
"Preadipocyte - omental, donor2.CNhs11902.11329-117E6",omentum preadipocyte
"Preadipocyte - omental, donor3.CNhs12013.11403-118D8",omentum preadipocyte
oral squamous cell carcinoma cell line:Ca9-22.CNhs10752.10434-106E2,oral squamous cell carcinoma cell line
oral squamous cell carcinoma cell line:HO-1-u-1.CNhs11287.10550-107I1,oral squamous cell carcinoma cell line
oral squamous cell carcinoma cell line:HSC-3.CNhs11717.10545-107H5,oral squamous cell carcinoma cell line
oral squamous cell carcinoma cell line:SAS.CNhs11810.10544-107H4,oral squamous cell carcinoma cell line
"Osteoblast - differentiated, donor1.CNhs11311.11276-116H7",osteoblast
"Osteoblast - differentiated, donor3.CNhs12035.11425-118G3",osteoblast
"Osteoblast, donor2.CNhs11385.11354-117H4",osteoblast
"Osteoblast, donor3.CNhs12036.11426-118G4",osteoblast
osteosarcoma cell line:143B/TK^(-)neo^(R).CNhs11279.10510-107D6,osteosarcoma cell line
osteosarcoma cell line:HS-Os-1.CNhs11290.10558-107I9,osteosarcoma cell line
mucinous adenocarcinoma cell line:JHOM-1.CNhs11752.10648-109A9,ovarian mucinous adenocarcinoma cell line
mucinous cystadenocarcinoma cell line:MCAS.CNhs11873.10784-110H1,ovarian mucinous adenocarcinoma cell line
pancreatic carcinoma cell line:NOR-P1.CNhs11832.10698-109G5,pancreatic adenocarcinoma cell line
ductal cell carcinoma cell line:KLM-1.CNhs11100.10438-106E6,pancreatic ductal adenocarcinoma cell line
ductal cell carcinoma cell line:MIA Paca2.CNhs11259.10488-107B2,pancreatic ductal adenocarcinoma cell line
tubular adenocarcinoma cell line:SUIT-2.CNhs11883.10797-110I5,pancreatic ductal adenocarcinoma cell line
somatostatinoma cell line:QGP-1.CNhs11869.10781-110G7,pancreatic somatostatinoma cell line
"lung adenocarcinoma, papillary cell line:NCI-H441.CNhs14245.10742-110C4",papillary adenocarcinoma cell line
"Pericytes, donor1.CNhs11317.11491-119E6",pericyte
"Pericytes, donor2.CNhs12079.11571-120E5",pericyte
"Peripheral Blood Mononuclear Cells, donor1.CNhs10860.11231-116C7",peripheral blood mononuclear cell
"Peripheral Blood Mononuclear Cells, donor2.CNhs11958.11312-117C7",peripheral blood mononuclear cell
"Peripheral Blood Mononuclear Cells, donor3.CNhs12002.11388-118C2",peripheral blood mononuclear cell
"Preadipocyte - perirenal, donor1.CNhs12065.11469-119C2",perirenal preadipocyte
pharyngeal carcinoma cell line:Detroit 562.CNhs11849.10723-110A3,pharynx squamous cell carcinoma cell line
"Placental Epithelial Cells, donor1.CNhs11079.11278-116H9",placental epithelial cell
"Placental Epithelial Cells, donor2.CNhs11386.11355-117H5",placental epithelial cell
"Placental Epithelial Cells, donor3.CNhs12037.11427-118G5",placental epithelial cell
plasma cell leukemia cell line:ARH-77.CNhs12807.10840-111E3,plasmacytic leukemia cell line
"Dendritic Cells - plasmacytoid, donor1.CNhs10857.11228-116C4",plasmacytoid dendritic cell
"Dendritic Cells - plasmacytoid, donor2.CNhs12196.11309-117C4",plasmacytoid dendritic cell
"Dendritic Cells - plasmacytoid, donor3.CNhs12200.11385-118B8",plasmacytoid dendritic cell
"Preadipocyte - breast, donor1.CNhs11052.11467-119B9",preadipocyte of the breast
"Preadipocyte - breast, donor2.CNhs11971.11328-117E5",preadipocyte of the breast
prostate cancer cell line:DU145.CNhs11260.10490-107B4,prostate cancer cell line
prostate cancer cell line:PC-3.CNhs11243.10439-106E7,prostate cancer cell line
"Prostate Stromal Cells, donor1.CNhs10883.11254-116F3",prostate stromal cell
"Prostate Stromal Cells, donor2.CNhs11973.11332-117E9",prostate stromal cell
"Prostate Stromal Cells, donor3.CNhs12015.11405-118E1",prostate stromal cell
small-cell gastrointestinal carcinoma cell line:ECC4.CNhs11734.10609-108F6,rectum adenocarcinoma
rectal cancer cell line:TT1TKB.CNhs11255.10469-106I1,rectum adenocarcinoma cell line
renal cell carcinoma cell line:OS-RC-2.CNhs10729.10411-106B6,renal cell carcinoma cell line
renal cell carcinoma cell line:TUHR10TKB.CNhs11257.10471-106I3,renal cell carcinoma cell line
"Renal Cortical Epithelial Cells, donor1.CNhs11331.11516-119H4",renal cortical epithelial cell
"Renal Cortical Epithelial Cells, donor2.CNhs12728.11596-120H3",renal cortical epithelial cell
"Small Airway Epithelial Cells, donor1.CNhs10884.11256-116F5",respiratory epithelial cell
"Small Airway Epithelial Cells, donor2.CNhs11975.11334-117F2",respiratory epithelial cell
"Small Airway Epithelial Cells, donor3.CNhs12016.11406-118E2",respiratory epithelial cell
"Retinal Pigment Epithelial Cells, donor0.CNhs10842.11215-116A9",retinal pigment epithelial cell
"Retinal Pigment Epithelial Cells, donor1.CNhs11338.11528-119I7",retinal pigment epithelial cell
"Retinal Pigment Epithelial Cells, donor3.CNhs12733.11689-122I6",retinal pigment epithelial cell
retinoblastoma cell line:Y79.CNhs11267.10475-106I7,retinoblastoma cell line
rhabdomyosarcoma cell line:KYM-1.CNhs11877.10787-110H4,rhabdomyosarcoma cell line
rhabdomyosarcoma cell line:RMS-YM.CNhs11269.10477-106I9,rhabdomyosarcoma cell line
sacrococcigeal teratoma cell line:HTST.CNhs11829.10695-109G2,sacrococcigeal teratoma cell line
serous adenocarcinoma cell line:JHOS-2.CNhs11746.10639-108I9,serous adenocarcinoma cell line
"serous adenocarcinoma cell line:SK-OV-3-R after co-culture with SOC-57-02-G, biol_rep1.CNhs13508.11843-124H7",serous adenocarcinoma cell line
"serous adenocarcinoma cell line:SK-OV-3-R, biol_rep1.CNhs13099.11841-124H5",serous adenocarcinoma cell line
serous cystadenocarcinoma cell line:HTOA.CNhs11827.10693-109F9,serous adenocarcinoma cell line
signet ring carcinoma cell line:Kato III.CNhs10753.10436-106E4,signet ring carcinoma cell line
signet ring carcinoma cell line:NUGC-4.CNhs11270.10483-107A6,signet ring carcinoma cell line
"Skeletal Muscle Cells, donor1.CNhs11083.11281-116I3",skeletal muscle cell
"Skeletal Muscle Cells, donor4.CNhs12053.11451-119A2",skeletal muscle cell
"Skeletal Muscle Cells, donor5.CNhs12056.11455-119A6",skeletal muscle cell
"Skeletal Muscle Cells, donor6.CNhs12060.11459-119B1",skeletal muscle cell
"Skeletal muscle cells differentiated into Myotubes - multinucleated, donor1.CNhs11084.11282-116I4",skeletal muscle cell
"Skeletal Muscle Satellite Cells, donor1.CNhs10869.11240-116D7",skeletal muscle satellite cell
"Skeletal Muscle Satellite Cells, donor2.CNhs11964.11321-117D7",skeletal muscle satellite cell
"Skeletal Muscle Satellite Cells, donor3.CNhs12008.11397-118D2",skeletal muscle satellite cell
"Fibroblast - skin normal, donor1.CNhs11351.11553-120C5",skin fibroblast
"Fibroblast - skin normal, donor2.CNhs11914.11561-120D4",skin fibroblast
malignant trichilemmal cyst cell line:DJM-1.CNhs10730.10412-106B7,skin squamous cell carcinoma
small cell gastrointestinal carcinoma cell line:ECC10.CNhs11736.10610-108F7,small cell gastrointestinal carcinoma cell line
small cell lung carcinoma cell line:DMS 144.CNhs12808.10841-111E4,small cell lung carcinoma cell line
small cell lung carcinoma cell line:LK-2.CNhs11285.10541-107H1,small cell lung carcinoma cell line
small cell lung carcinoma cell line:NCI-H82.CNhs12809.10842-111E5,small cell lung carcinoma cell line
small cell lung carcinoma cell line:WA-hT.CNhs11812.10562-108A4,small cell lung carcinoma cell line
"Smooth Muscle Cells - Colonic, donor1.CNhs10868.11239-116D6",smooth muscle cell of colon
"Smooth Muscle Cells - Colonic, donor2.CNhs11963.11320-117D6",smooth muscle cell of colon
"Smooth Muscle Cells - Colonic, donor3.CNhs12007.11396-118D1",smooth muscle cell of colon
"Smooth Muscle Cells - Prostate, donor1.CNhs11920.11257-116F6",smooth muscle cell of prostate
"Smooth Muscle Cells - Prostate, donor2.CNhs11976.11335-117F3",smooth muscle cell of prostate
"Smooth Muscle Cells - Brachiocephalic, donor1.CNhs11086.11284-116I6",smooth muscle cell of the brachiocephalic vasculature
"Smooth Muscle Cells - Brachiocephalic, donor3.CNhs12043.11433-118H2",smooth muscle cell of the brachiocephalic vasculature
"Smooth Muscle Cells - Brain Vascular, donor1.CNhs10863.11234-116D1",smooth muscle cell of the brain vasculature
"Smooth Muscle Cells - Brain Vascular, donor2.CNhs11900.11315-117D1",smooth muscle cell of the brain vasculature
"Smooth Muscle Cells - Brain Vascular, donor3.CNhs12004.11391-118C5",smooth muscle cell of the brain vasculature
"Smooth Muscle Cells - Carotid, donor1.CNhs11087.11285-116I7",smooth muscle cell of the carotid artery
"Smooth Muscle Cells - Carotid, donor3.CNhs12044.11434-118H3",smooth muscle cell of the carotid artery
"Smooth Muscle Cells - Coronary Artery, donor1.CNhs11088.11286-116I8",smooth muscle cell of the coronary artery
"Smooth Muscle Cells - Coronary Artery, donor2.CNhs11987.11363-117I4",smooth muscle cell of the coronary artery
"Smooth Muscle Cells - Coronary Artery, donor3.CNhs12045.11435-118H4",smooth muscle cell of the coronary artery
"Smooth Muscle Cells - Esophageal, donor1.CNhs11324.11508-119G5",smooth muscle cell of the esophagus
"Smooth Muscle Cells - Internal Thoracic Artery, donor2.CNhs11988.11364-117I5",smooth muscle cell of the internal thoracic artery
"Smooth Muscle Cells - Internal Thoracic Artery, donor3.CNhs12046.11436-118H5",smooth muscle cell of the internal thoracic artery
"Smooth Muscle Cells - Pulmonary Artery, donor2.CNhs11989.11365-117I6",smooth muscle cell of the pulmonary artery
"Smooth Muscle Cells - Subclavian Artery, donor1.CNhs11090.11289-117A2",smooth muscle cell of the subclavian artery
"Smooth Muscle Cells - Subclavian Artery, donor2.CNhs11990.11366-117I7",smooth muscle cell of the subclavian artery
"Smooth Muscle Cells - Subclavian Artery, donor3.CNhs12048.11438-118H7",smooth muscle cell of the subclavian artery
"Smooth Muscle Cells - Umbilical Artery, donor1.CNhs11091.11290-117A3",smooth muscle cell of the umbilical artery
"Smooth Muscle Cells - Umbilical Artery, donor2.CNhs11991.11367-117I8",smooth muscle cell of the umbilical artery
"Smooth Muscle Cells - Umbilical Artery, donor3.CNhs12049.11439-118H8",smooth muscle cell of the umbilical artery
"Smooth Muscle Cells - Umbilical artery, donor0.CNhs10839.11212-116A6",smooth muscle cell of the umbilical artery
"Smooth Muscle Cells - Umbilical Vein, donor1.CNhs12597.11541-120B2",smooth muscle cell of the umbilical vein
"Smooth Muscle Cells - Umbilical Vein, donor2.CNhs12569.11621-122B1",smooth muscle cell of the umbilical vein
"Smooth Muscle Cells - Tracheal, donor1.CNhs11329.11513-119H1",smooth muscle cell of trachea
"Smooth Muscle Cells - Tracheal, donor3.CNhs12894.11674-122G9",smooth muscle cell of trachea
"Smooth muscle cells - airway, control, donor1.CNhs14190.11966-126D4",smooth muscle cell of trachea
"Smooth muscle cells - airway, control, donor2.CNhs14191.11967-126D5",smooth muscle cell of trachea
"Smooth muscle cells - airway, control, donor3.CNhs14192.11968-126D6",smooth muscle cell of trachea
"Smooth muscle cells - airway, control, donor4.CNhs14193.11969-126D7",smooth muscle cell of trachea
neuroepithelioma cell line:SK-N-MC.CNhs11853.10728-110A8,soft tissue peripheral neuroepithelioma cell line
spindle cell sarcoma cell line:Hs 132.T.CNhs11857.10737-110B8,spindle cell sarcoma cell line
squamous cell carcinoma cell line:T3M-5.CNhs11739.10616-108G4,squamous cell carcinoma cell line
squamous cell lung carcinoma cell line:EBC-1.CNhs11273.10486-107A9,squamous cell lung carcinoma cell line
squamous cell lung carcinoma cell line:LC-1F.CNhs14238.10457-106G7,squamous cell lung carcinoma cell line
squamous cell lung carcinoma cell line:RERF-LC-AI.CNhs14240.10501-107C6,squamous cell lung carcinoma cell line
"Preadipocyte - subcutaneous, donor2.CNhs11981.11356-117H6",subcutaneous preadipocyte
"Preadipocyte - subcutaneous, donor3.CNhs12038.11428-118G6",subcutaneous preadipocyte
synovial sarcoma cell line:HS-SY-II.CNhs11244.10441-106E9,synovial sarcoma cell line
"Synoviocyte, donor2.CNhs11992.11368-117I9",synoviocyte
"Synoviocyte, donor3.CNhs12050.11440-118H9",synoviocyte
"tenocyte, donor1.CNhs12639.11763-123H8",tenocyte
"tenocyte, donor2.CNhs12640.11765-123I1",tenocyte
"tenocyte, donor3.CNhs12641.11768-123I4",tenocyte
teratocarcinoma cell line:NCC-IT-A3.CNhs11878.10790-110H7,teratocarcinoma cell line
teratocarcinoma cell line:NCR-G1.CNhs11884.10798-110I6,teratocarcinoma cell line
teratocarcinoma cell line:PA-1.CNhs11890.10807-111A6,teratocarcinoma cell line
testicular germ cell embryonal carcinoma cell line:ITO-II.CNhs11876.10786-110H3,testicular germ cell embryonal carcinoma cell line
testicular germ cell embryonal carcinoma cell line:NEC14.CNhs12351.10591-108D6,testicular germ cell embryonal carcinoma cell line
testicular germ cell embryonal carcinoma cell line:NEC15.CNhs12362.10593-108D8,testicular germ cell embryonal carcinoma cell line
testicular germ cell embryonal carcinoma cell line:NEC8.CNhs11726.10590-108D5,testicular germ cell embryonal carcinoma cell line
"Endothelial Cells - Thoracic, donor1.CNhs11926.11266-116G6",thoracic aorta endothelial cell
"Endothelial Cells - Thoracic, donor2.CNhs11978.11343-117G2",thoracic aorta endothelial cell
thymic carcinoma cell line:Ty-82.CNhs14139.10803-111A2,thymic carcinoma cell line
thyroid carcinoma cell line:TCO-1.CNhs11872.10783-110G9,thyroid carcinoma cell line
"Trabecular Meshwork Cells, donor1.CNhs11340.11532-120A2",trabecular meshwork cell
"Trabecular Meshwork Cells, donor3.CNhs12124.11693-123A1",trabecular meshwork cell
"Tracheal Epithelial Cells, donor1.CNhs11092.11292-117A5",tracheal epithelial cell
"Tracheal Epithelial Cells, donor2.CNhs11993.11369-118A1",tracheal epithelial cell
"Tracheal Epithelial Cells, donor3.CNhs12051.11441-118I1",tracheal epithelial cell
transitional cell carcinoma cell line:Hs 769.T.CNhs11837.10707-109H5,urethral urothelial papilloma cell line
"Urothelial Cells, donor1.CNhs11334.11520-119H8",urothelial cell
"Urothelial Cells, donor2.CNhs12091.11600-120H7",urothelial cell
"Urothelial Cells, donor3.CNhs12122.11681-122H7",urothelial cell
"Urothelial cells, donor0.CNhs10843.11216-116B1",urothelial cell
mesodermal tumor cell line:HIRS-BM.CNhs12191.10696-109G3,uterine carcinosarcoma cell line
mixed mullerian tumor cell line:HTMMT.CNhs11944.10689-109F5,uterine carcinosarcoma cell line
"Smooth Muscle Cells - Uterine, donor3.CNhs11927.11466-119B8",uterine smooth muscle cell
"Endothelial Cells - Vein, donor1.CNhs12497.11267-116G7",vein endothelial cell
"Endothelial Cells - Vein, donor2.CNhs11377.11344-117G3",vein endothelial cell
"Endothelial Cells - Vein, donor3.CNhs12026.11416-118F3",vein endothelial cell
"Preadipocyte - visceral, donor1.CNhs11082.11280-116I2",visceral preadipocyte
"Preadipocyte - visceral, donor2.CNhs11982.11357-117H7",visceral preadipocyte
"Preadipocyte - visceral, donor3.CNhs12039.11429-118G7",visceral preadipocyte
xeroderma pigentosum b cell line:XPL 17.CNhs11813.10563-108A5,xeroderma pigmentosum group A cell line
